// Created using Xilinx iMPACT Software [ISE - 10.1]
// Date: Sat Nov 15 11:37:55 2025

TRST OFF;
ENDIR IDLE;
ENDDR IDLE;
STATE RESET;
STATE IDLE;
FREQUENCY 5E5 HZ;
TIR 0 ;
HIR 0 ;
TDR 0 ;
HDR 0 ;
TIR 0 ;
HIR 0 ;
HDR 0 ;
TDR 0 ;
//Loading device with 'idcode' instruction.
SIR 8 TDI (fe) SMASK (ff) ;
SDR 32 TDI (00000000) SMASK (ffffffff) TDO (f9616093) MASK (0fffffff) ;
//Check for Read/Write Protect.
SIR 8 TDI (ff) TDO (01) MASK (e3) ;
TIR 0 ;
HIR 0 ;
TDR 0 ;
HDR 0 ;
TIR 0 ;
HIR 0 ;
TDR 0 ;
HDR 0 ;
// Loading devices with 'ispen' or 'bypass'  instruction.
SIR 8 TDI (e8) ;
SDR 6 TDI (05) SMASK (3f) ;
// Loading devices with 'ferase' instruction.
SIR 8 TDI (ec) ;
SDR 18 TDI (02a957) SMASK (03ffff) ;
RUNTEST 200000 TCK;
SDR 18 TDI (02a955) TDO (000001) MASK (000003) ;
// Loading devices with 'fbulk' instruction.
SIR 8 TDI (ed) ;
SDR 18 TDI (03ffff) ;
RUNTEST 200000 TCK;
SDR 18 TDI (03fffd) TDO (000001) MASK (000003) ;
// Loading devices with 'conld' or 'bypass' instruction.
SIR 8 TDI (f0) ;
RUNTEST 100 TCK;
// Loading devices with 'conld' or 'bypass' instruction.
SIR 8 TDI (f0) ;
RUNTEST 100 TCK;
TIR 0 ;
HIR 0 ;
TDR 0 ;
HDR 0 ;
SIR 8 TDI (ff) ;
SDR 1 TDI (00) SMASK (01) ;
TIR 0 ;
HIR 0 ;
TDR 0 ;
HDR 0 ;
TIR 0 ;
HIR 0 ;
HDR 0 ;
TDR 0 ;
//Loading device with 'idcode' instruction.
SIR 8 TDI (fe) ;
SDR 32 TDI (00000000) SMASK (ffffffff) TDO (f9616093) MASK (0fffffff) ;
//Check for Read/Write Protect.
SIR 8 TDI (ff) TDO (01) MASK (e3) ;
TIR 0 ;
HIR 0 ;
TDR 0 ;
HDR 0 ;
TIR 0 ;
HIR 0 ;
TDR 0 ;
HDR 0 ;
// Loading devices with 'ispen' or 'bypass'  instruction.
SIR 8 TDI (e8) ;
SDR 6 TDI (05) SMASK (3f) ;
// Loading device with 'fpgm' instruction.
SIR 8 TDI (ea) ;
SDR 146 TDI (00000000000000000000000000000000000001) SMASK (03ffffffffffffffffffffffffffffffffffff) ;
SDR 146 TDI (00000400040004000000000000000000000001) ;
SDR 146 TDI (00000800000000000000000000000000000001) ;
SDR 146 TDI (00000c00000000000000000000000000000001) ;
SDR 146 TDI (00001040000000000000000000000000004001) ;
SDR 146 TDI (00002000000000000000000000000000000001) ;
SDR 146 TDI (00002400000000000000000000000000000001) ;
SDR 146 TDI (00002800000000000000008000000000000001) ;
SDR 146 TDI (00002c00000000800000000000000000000001) ;
SDR 146 TDI (00003000000000000000000000000000000001) ;
SDR 146 TDI (00004000000000000000000000000000000001) ;
SDR 146 TDI (00004400000000000000000000000000000001) ;
SDR 146 TDI (00004880000000000400000000000000000001) ;
SDR 146 TDI (00004c00000000000000000000000000000001) ;
SDR 146 TDI (00005000000000000000000000000000000003) ;
RUNTEST 20000 TCK;
SDR 146 TDI (00008000000400000000000000000000000008) TDO (00000000000000000000000000000000000001) MASK (00000000000000000000000000000000000003) ;
SDR 146 TDI (00008000000400000000000000000000000009) ;
SDR 146 TDI (00008400000400000000000000000000000001) ;
SDR 146 TDI (00008800000040000000000000000000000001) ;
SDR 146 TDI (00008c080000000400dc0000000000fc000001) ;
SDR 146 TDI (00009000000000000000000000000000000001) ;
SDR 146 TDI (0000a000000000000000000000000000000001) ;
SDR 146 TDI (0000a400000000000000000000000000004001) ;
SDR 146 TDI (0000a800000000000000000000000000000081) ;
SDR 146 TDI (0000ac800010000000c00000000000b0000081) ;
SDR 146 TDI (0000b000001000000000000000000000000001) ;
SDR 146 TDI (0000c000000000000000000000000000000001) ;
SDR 146 TDI (0000c400800000000000000000000000000001) ;
SDR 146 TDI (0000c800000000000000000004000000000001) ;
SDR 146 TDI (0000cc000000000000f00080040000f4000001) ;
SDR 146 TDI (0000d020000000000000000000000000000083) ;
RUNTEST 20000 TCK;
SDR 146 TDI (00010000000080000000000000000000000008) TDO (00000000000000000000000000000000000001) MASK (00000000000000000000000000000000000003) ;
SDR 146 TDI (00010000000080000000000000000000000009) ;
SDR 146 TDI (00010400000000000000000000000000000101) ;
SDR 146 TDI (00010800000000040000000000000000008001) ;
SDR 146 TDI (00010c0000000084dc00180000fc0000008401) ;
SDR 146 TDI (00011000000000840000000000000000008001) ;
SDR 146 TDI (00012000000000000000004000000000000101) ;
SDR 146 TDI (00012400040000040000004000000000004005) ;
SDR 146 TDI (00012800000080840000000000008000004001) ;
SDR 146 TDI (00012c00000080803c001c0000bc0000002101) ;
SDR 146 TDI (00013000000000800000000000000000000001) ;
SDR 146 TDI (00014000000000000000000000000000000085) ;
SDR 146 TDI (00014400000000000000000000000000006085) ;
SDR 146 TDI (00014800040000000000004004000000008085) ;
SDR 146 TDI (00014c0000080040d800900004bc000000e085) ;
SDR 146 TDI (0001500004000000000000000000000000c003) ;
RUNTEST 20000 TCK;
SDR 146 TDI (00018000000000040000000000000000008004) TDO (00000000000000000000000000000000000001) MASK (00000000000000000000000000000000000003) ;
SDR 146 TDI (00018000000000040000000000000000008005) ;
SDR 146 TDI (00018400000000040000000000000000008005) ;
SDR 146 TDI (00018800000040800000000000000000000405) ;
SDR 146 TDI (00018c000000045800dce000000000fc005805) ;
SDR 146 TDI (00019000000084000000000000000000000405) ;
SDR 146 TDI (0001a000001044800000002000000000104001) ;
SDR 146 TDI (0001a400000044800000000000000000000001) ;
SDR 146 TDI (0001a804800044000000000000000000008005) ;
SDR 146 TDI (0001ac000000446400c04080004000b000c405) ;
SDR 146 TDI (0001b000880044040000008000000000004005) ;
SDR 146 TDI (0001c00088000000000000a000000000008001) ;
SDR 146 TDI (0001c40088000000000000a000000000008001) ;
SDR 146 TDI (0001c84088000080000000a000000000006001) ;
SDR 146 TDI (0001cc008800009800f060a0004000f4001001) ;
SDR 146 TDI (0001d00088000000000000a000008000000087) ;
RUNTEST 20000 TCK;
SDR 146 TDI (00020000000000000000000000000000000000) TDO (00000000000000000000000000000000000001) MASK (00000000000000000000000000000000000003) ;
SDR 146 TDI (00020000000000000000000000000000000001) ;
SDR 146 TDI (00020400000000000000000000000000000001) ;
SDR 146 TDI (00020800000000000000000000000000000001) ;
SDR 146 TDI (00020c80000000000000008000000000000001) ;
SDR 146 TDI (00021000000000000000000000000000000001) ;
SDR 146 TDI (00022000000000000000000000000000000001) ;
SDR 146 TDI (00022400000000000000000000000000000001) ;
SDR 146 TDI (00022800000000000000200000000000000001) ;
SDR 146 TDI (00022c00000000000000000000000000000001) ;
SDR 146 TDI (00023000000000000000000000000000000001) ;
SDR 146 TDI (00024000000000000000000000000000000001) ;
SDR 146 TDI (00024400000080000000000000000000000001) ;
SDR 146 TDI (00024800000000000000000000000000000001) ;
SDR 146 TDI (00024c04000000000000000000000000000001) ;
SDR 146 TDI (00025000000000000000000000000000000007) ;
RUNTEST 20000 TCK;
SDR 146 TDI (00028000000000000000000000000000000000) TDO (00000000000000000000000000000000000001) MASK (00000000000000000000000000000000000003) ;
SDR 146 TDI (00028000000000000000000000000000000001) ;
SDR 146 TDI (00028400000000000000000000000000e00001) ;
SDR 146 TDI (00028800000000000000000000000000000001) ;
SDR 146 TDI (00028c08000000180000000000000000000001) ;
SDR 146 TDI (00029000000000000000000000000000000001) ;
SDR 146 TDI (0002a000000000000000000000000000000001) ;
SDR 146 TDI (0002a400000000000000000000000000a00001) ;
SDR 146 TDI (0002a800000040000000000000000000000001) ;
SDR 146 TDI (0002ac80000000040000000000000000000001) ;
SDR 146 TDI (0002b000000000040000000000000000000001) ;
SDR 146 TDI (0002c000000000040000000000000000000081) ;
SDR 146 TDI (0002c400000000000000000000000000c00001) ;
SDR 146 TDI (0002c800000000000000000004000000000001) ;
SDR 146 TDI (0002cc00000000080000002004000000000001) ;
SDR 146 TDI (0002d020000000000000000000000000000003) ;
RUNTEST 20000 TCK;
SDR 146 TDI (00030000000000000000000000000000000100) TDO (00000000000000000000000000000000000001) MASK (00000000000000000000000000000000000003) ;
SDR 146 TDI (00030000000000000000000000000000000101) ;
SDR 146 TDI (00030400080000000000000000000000000301) ;
SDR 146 TDI (00030800000000000000000000004000000101) ;
SDR 146 TDI (00030c000000000018c0000000d80000000021) ;
SDR 146 TDI (00031000000000000000000000000000000101) ;
SDR 146 TDI (00032000000000000000000000000000000201) ;
SDR 146 TDI (00032400000000000000000000000000000101) ;
SDR 146 TDI (00032800000000000000000000000000000201) ;
SDR 146 TDI (00032c000000000018c0000000b80000000001) ;
SDR 146 TDI (00033000001000000000004000000000004001) ;
SDR 146 TDI (00034000000000000000000000000000000041) ;
SDR 146 TDI (00034400000000000000000000000000000001) ;
SDR 146 TDI (00034800000080000000080000000000000001) ;
SDR 146 TDI (00034c000000000008a0000000ac0000000001) ;
SDR 146 TDI (00035000000000000000000000000000000003) ;
RUNTEST 20000 TCK;
SDR 146 TDI (00038000000000000000000000000000000100) TDO (00000000000000000000000000000000000001) MASK (00000000000000000000000000000000000003) ;
SDR 146 TDI (00038000000000000000000000000000000101) ;
SDR 146 TDI (00038400000000000000000040000000000201) ;
SDR 146 TDI (00038800000000000000000000000000000301) ;
SDR 146 TDI (00038c0000000000c41c000000240000000101) ;
SDR 146 TDI (00039000000000000000000000000000000101) ;
SDR 146 TDI (0003a000000000000000000000000000040301) ;
SDR 146 TDI (0003a400000000000000000080000000000041) ;
SDR 146 TDI (0003a800000004000000000000000000000301) ;
SDR 146 TDI (0003ac04001000002400008000040000004001) ;
SDR 146 TDI (0003b000000000000000000000000000000001) ;
SDR 146 TDI (0003c000000000000000000000000000000001) ;
SDR 146 TDI (0003c400000000000000000000000000000001) ;
SDR 146 TDI (0003c800800000000000000000002000000001) ;
SDR 146 TDI (0003cc4000000000d050000000100000000021) ;
SDR 146 TDI (0003d000000000000000000000000000000003) ;
RUNTEST 20000 TCK;
SDR 146 TDI (00040000000000000000000000000000000000) TDO (00000000000000000000000000000000000001) MASK (00000000000000000000000000000000000003) ;
SDR 146 TDI (00040000000000000000000000000000000001) ;
SDR 146 TDI (00040400000000000000000000000000000001) ;
SDR 146 TDI (00040800000000000000000000000000000001) ;
SDR 146 TDI (00040c00000000000000004000000000000001) ;
SDR 146 TDI (00041000000000000000000000000000000001) ;
SDR 146 TDI (00042000000000000000000000000000000001) ;
SDR 146 TDI (00042400000000000000000000000000000001) ;
SDR 146 TDI (00042800000000000000000000000000000001) ;
SDR 146 TDI (00042c00000000000000000000000000000005) ;
SDR 146 TDI (00043000000000000000000000004000000001) ;
SDR 146 TDI (00044000000000000000000000000000000001) ;
SDR 146 TDI (00044400000000000000000000000000000001) ;
SDR 146 TDI (00044800000000000000000040000000000001) ;
SDR 146 TDI (00044c00000000000000000000000000000001) ;
SDR 146 TDI (00045000000000000000000000000000000003) ;
RUNTEST 20000 TCK;
SDR 146 TDI (00048000000400000000000000000000000000) TDO (00000000000000000000000000000000000001) MASK (00000000000000000000000000000000000003) ;
SDR 146 TDI (00048000000400000000000000000000000001) ;
SDR 146 TDI (00048400000400000000000000000000e00001) ;
SDR 146 TDI (00048800000000000000000000000000000401) ;
SDR 146 TDI (00048c00000000180000000000000000001801) ;
SDR 146 TDI (00049000000000000000000000000000000401) ;
SDR 146 TDI (0004a000004000000000000000000000000001) ;
SDR 146 TDI (0004a400000000000000000000000000a00001) ;
SDR 146 TDI (0004a800000000000000000000000000000001) ;
SDR 146 TDI (0004ac04001000040000000000000000004001) ;
SDR 146 TDI (0004b000001000040000000000000000004001) ;
SDR 146 TDI (0004c000000000000000000000000000000001) ;
SDR 146 TDI (0004c400000000000000000000002000c00081) ;
SDR 146 TDI (0004c800000000000000000000000000000001) ;
SDR 146 TDI (0004cc40000000080000000000000000001001) ;
SDR 146 TDI (0004d000000000000000002000000000000003) ;
RUNTEST 20000 TCK;
SDR 146 TDI (00050000000000000000000000000000000000) TDO (00000000000000000000000000000000000001) MASK (00000000000000000000000000000000000003) ;
SDR 146 TDI (00050000000000000000000000000000000001) ;
SDR 146 TDI (00050400000000000000000000000000000001) ;
SDR 146 TDI (00050800000000000000000000000000000001) ;
SDR 146 TDI (00050c00000000000000000000004000000001) ;
SDR 146 TDI (00051000000000000000000000000000000001) ;
SDR 146 TDI (00052000000000000000000000000000000001) ;
SDR 146 TDI (00052400000000000000000000000000000001) ;
SDR 146 TDI (00052800000000000000000000000000000001) ;
SDR 146 TDI (00052c00000000000000000000000000000081) ;
SDR 146 TDI (00053000000000000000000000000000000001) ;
SDR 146 TDI (00054000000040000000000000000000000001) ;
SDR 146 TDI (00054400000000000000000000000000000001) ;
SDR 146 TDI (00054800000000000000040000000000000001) ;
SDR 146 TDI (00054c00000000000000000000000000000001) ;
SDR 146 TDI (00055000000000000000000000000000000003) ;
RUNTEST 20000 TCK;
SDR 146 TDI (00058000000000000000000000000000000000) TDO (00000000000000000000000000000000000001) MASK (00000000000000000000000000000000000003) ;
SDR 146 TDI (00058000000000000000000000000000000001) ;
SDR 146 TDI (00058400000000000000000000000000e00001) ;
SDR 146 TDI (00058800000000000000000000000000000001) ;
SDR 146 TDI (00058c00000004000000000000000000000001) ;
SDR 146 TDI (00059000000000000000000000000000000001) ;
SDR 146 TDI (0005a000000000008000000000000000000001) ;
SDR 146 TDI (0005a404000000000000000000000000a00001) ;
SDR 146 TDI (0005a800000000000000000000000000000081) ;
SDR 146 TDI (0005ac00000000000000000000000000000001) ;
SDR 146 TDI (0005b000000000000000000000000000000001) ;
SDR 146 TDI (0005c000000000000000000000000000000001) ;
SDR 146 TDI (0005c440000000000000000000000000c00001) ;
SDR 146 TDI (0005c800000000000000000000000000000001) ;
SDR 146 TDI (0005cc00000000000000000000002000000001) ;
SDR 146 TDI (0005d000000000000000000000000000000003) ;
RUNTEST 20000 TCK;
SDR 146 TDI (00060202020202030303000103000303030200) TDO (00000000000000000000000000000000000001) MASK (00000000000000000000000000000000000003) ;
SDR 146 TDI (00060202020202030303000103000303030201) ;
SDR 146 TDI (00060502030407030303000203000303030301) ;
SDR 146 TDI (00060a03050347030303000203004303020201) ;
SDR 146 TDI (00060f0201030303c3030002031c4303030201) ;
SDR 146 TDI (0006110203010303030300830300c101010101) ;
SDR 146 TDI (00062302030103030303020203028303020301) ;
SDR 146 TDI (00062507010187830303000203008303010201) ;
SDR 146 TDI (00062b03020285030303800203008303030101) ;
SDR 146 TDI (00062d010001470323030000039c0303010001) ;
SDR 146 TDI (00063000000044000000000000008000000001) ;
SDR 146 TDI (00064000000000000000000000000000000001) ;
SDR 146 TDI (0006444000000000000000000000c000000001) ;
SDR 146 TDI (000648000000c000000000000000e000000001) ;
SDR 146 TDI (00064c000000c000d0000000048ca000000001) ;
SDR 146 TDI (000650000000c000000000000000a000000003) ;
RUNTEST 20000 TCK;
SDR 146 TDI (0006810301070501010300010300c302010108) TDO (00000000000000000000000000000000000001) MASK (00000000000000000000000000000000000003) ;
SDR 146 TDI (0006810301070501010300010300c302010109) ;
SDR 146 TDI (0006850301010207000102030302c302e30301) ;
SDR 146 TDI (00068903000380000202020303020300000501) ;
SDR 146 TDI (00068f03010387031f03020203e28302031b01) ;
SDR 146 TDI (00069203000386030203020303020100020601) ;
SDR 146 TDI (0006a203000307030202020003022302020001) ;
SDR 146 TDI (0006a703030343030313020203020302a30201) ;
SDR 146 TDI (0006aa03030242010201020203024302020281) ;
SDR 146 TDI (0006af03030303031f0302020322c302034281) ;
SDR 146 TDI (0006b000000000000000008000004000004001) ;
SDR 146 TDI (0006c0000000c000000000000000a000000001) ;
SDR 146 TDI (0006c4000800c0000000000000002000c00001) ;
SDR 146 TDI (0006c800000000000000000004000000000001) ;
SDR 146 TDI (0006cc00000000000800000000300000001001) ;
SDR 146 TDI (0006d000000000000000000000000000000083) ;
RUNTEST 20000 TCK;
SDR 146 TDI (00070002000202030303000103000302010200) TDO (00000000000000000000000000000000000001) MASK (00000000000000000000000000000000000003) ;
SDR 146 TDI (00070002000202030303000103000302010201) ;
SDR 146 TDI (00070502010282030303000003000302030105) ;
SDR 146 TDI (00070a03010202030303000203000300000201) ;
SDR 146 TDI (00070f02010207030313000203000302030201) ;
SDR 146 TDI (00071002010186010303000303004100000001) ;
SDR 146 TDI (00072202010143030303020203020302000001) ;
SDR 146 TDI (00072503010103030303000203000302010201) ;
SDR 146 TDI (00072a030a0240010303000203000302020101) ;
SDR 146 TDI (00072d01000187030343000003000302010001) ;
SDR 146 TDI (00073000000044000000000000000000008001) ;
SDR 146 TDI (00074000000040000000000000000000000001) ;
SDR 146 TDI (000744000000c0000000000000000000000001) ;
SDR 146 TDI (00074800000040002000000000000000000001) ;
SDR 146 TDI (00074c000000400000d0000000000000000001) ;
SDR 146 TDI (000750000000c0000000000000000000000003) ;
RUNTEST 20000 TCK;
SDR 146 TDI (00078101010105020000000000000000000100) TDO (00000000000000000000000000000000000001) MASK (00000000000000000000000000000000000003) ;
SDR 146 TDI (00078101010105020000000000000000000101) ;
SDR 146 TDI (00078401000305200102020100020000000001) ;
SDR 146 TDI (00078b000100c6030101020100020000020101) ;
SDR 146 TDI (00078c010000800000cc020000020000000001) ;
SDR 146 TDI (00079201010200000100020000020000020201) ;
SDR 146 TDI (0007a001030204000001000200000000020201) ;
SDR 146 TDI (0007a600020244000000020000020000020001) ;
SDR 146 TDI (0007a800010006000002020000020000000201) ;
SDR 146 TDI (0007ae02020240000080020200020000020201) ;
SDR 146 TDI (0007b000800000000000000000000000000001) ;
SDR 146 TDI (0007c000000080000000000000000000000001) ;
SDR 146 TDI (0007c400000000000000000000000000000005) ;
SDR 146 TDI (0007c800000080000000000000000000000001) ;
SDR 146 TDI (0007cc00000080000020000000000000004001) ;
SDR 146 TDI (0007d000000000000000000000002000000003) ;
RUNTEST 20000 TCK;
SDR 146 TDI (00080000000002020200000100000000000200) TDO (00000000000000000000000000000000000001) MASK (00000000000000000000000000000000000003) ;
SDR 146 TDI (00080000000002020200000100000000000201) ;
SDR 146 TDI (00080500000080000202008000004000000101) ;
SDR 146 TDI (00080801008000032001000000000000000201) ;
SDR 146 TDI (00080e0000000000000000000000c028020001) ;
SDR 146 TDI (00081000040000000000000000008000000001) ;
SDR 146 TDI (00082200000000000101020200022000000001) ;
SDR 146 TDI (00082400010040000000000000008000000201) ;
SDR 146 TDI (00082800020244000102000000008000020001) ;
SDR 146 TDI (00082c00000042000000000000008090000001) ;
SDR 146 TDI (00083000000044040000000000008000000001) ;
SDR 146 TDI (00084000000080000000000000002000000001) ;
SDR 146 TDI (000844000000c0000000000000000000000001) ;
SDR 146 TDI (00084800000080000000000000008000000041) ;
SDR 146 TDI (00084c000000800000000000000020e4000001) ;
SDR 146 TDI (000850000000c0000000000000008000000003) ;
RUNTEST 20000 TCK;
SDR 146 TDI (0008810100010500000000000000400001a100) TDO (00000000000000000000000000000000000001) MASK (00000000000000000000000000000000000003) ;
SDR 146 TDI (0008810100010500000000000000400001a101) ;
SDR 146 TDI (00088401000105000000000104000000e0c001) ;
SDR 146 TDI (00088b0000004400000002010402c00002c501) ;
SDR 146 TDI (00088d010002040000dcfa00c4fe00d400dc01) ;
SDR 146 TDI (0008920100028000000002000402400002c401) ;
SDR 146 TDI (0008a001030244000000002004008000025a81) ;
SDR 146 TDI (0008a601020206000000020004020000a2c001) ;
SDR 146 TDI (0008aa0201000200000002028402000000c201) ;
SDR 146 TDI (0008ae020202040400c05e02c4fe402002e601) ;
SDR 146 TDI (0008b00000000000000000000400400000c001) ;
SDR 146 TDI (0008c00000004000000000008400800000a001) ;
SDR 146 TDI (0008c40000000000000000008400a000c0e001) ;
SDR 146 TDI (0008c80000804000000000008400200000e001) ;
SDR 146 TDI (0008cc000800400000f0f00084fc801000f001) ;
SDR 146 TDI (0008d00000000000000000008000200000c003) ;
RUNTEST 20000 TCK;
SDR 146 TDI (00090080008002050302000103000300010200) TDO (00000000000000000000000000000000000001) MASK (00000000000000000000000000000000000003) ;
SDR 146 TDI (00090080008002050302000103000300010201) ;
SDR 146 TDI (000905c2010002070201000007008300030101) ;
SDR 146 TDI (000908c3000000840202000007000300000201) ;
SDR 146 TDI (00090dc20100430703030002c7000300030001) ;
SDR 146 TDI (000910c2000002870203000207000100000001) ;
SDR 146 TDI (00092242000003830302020003020200000001) ;
SDR 146 TDI (00092543010003870303002203000300010201) ;
SDR 146 TDI (00092ac3020200850301000283000300020001) ;
SDR 146 TDI (00092d410800038703030000c3000300010001) ;
SDR 146 TDI (000930c0000000840000000004000000000005) ;
SDR 146 TDI (00094000000000000000000004000000000001) ;
SDR 146 TDI (00094440000000800000000004000000000001) ;
SDR 146 TDI (00094860000000800000000000000000000001) ;
SDR 146 TDI (00094c60000000800000000000000000000001) ;
SDR 146 TDI (00095060000000800000000000000000000003) ;
RUNTEST 20000 TCK;
SDR 146 TDI (00098101000101010122000003000300010100) TDO (00000000000000000000000000000000000001) MASK (00000000000000000000000000000000000003) ;
SDR 146 TDI (00098101000101010122000003000300010101) ;
SDR 146 TDI (00098403010103030001000103000300c30801) ;
SDR 146 TDI (00098b02000000000202020103020300020101) ;
SDR 146 TDI (00098f03010203030303020203020300010001) ;
SDR 146 TDI (00099203000202030203020203020100020001) ;
SDR 146 TDI (0009a003030203030202000007002200020201) ;
SDR 146 TDI (0009a703020203030303020207020300832401) ;
SDR 146 TDI (0009aa03010002010201020207020300000201) ;
SDR 146 TDI (0009af03020201030303020207020300030201) ;
SDR 146 TDI (0009b000000000000000000000000000000001) ;
SDR 146 TDI (0009c000008000000000000080000000000001) ;
SDR 146 TDI (0009c400000000000000000080000000c00001) ;
SDR 146 TDI (0009c800000000000000000084000000000081) ;
SDR 146 TDI (0009cc00000000000000000084000000000001) ;
SDR 146 TDI (0009d000080000000000000080000000000003) ;
RUNTEST 20000 TCK;
SDR 146 TDI (000a0000000000000000004100000000002020) TDO (00000000000000000000000000000000000001) MASK (00000000000000000000000000000000000003) ;
SDR 146 TDI (000a0000000000000000004100000000002021) ;
SDR 146 TDI (000a0500000000000000000000000000000101) ;
SDR 146 TDI (000a0801000000000000000000000000004001) ;
SDR 146 TDI (000a0c00040000000000000000000000020001) ;
SDR 146 TDI (000a1000000000000000000000000000000001) ;
SDR 146 TDI (000a2200000000000000020000028000000001) ;
SDR 146 TDI (000a2400010000000000000000000000008201) ;
SDR 146 TDI (000a2804020200800000000000000000020001) ;
SDR 146 TDI (000a2c04000002000000000000000000000001) ;
SDR 146 TDI (000a3000000000000000000000000000000001) ;
SDR 146 TDI (000a4000000000000000000000000000002001) ;
SDR 146 TDI (000a4400000000000000000000000000000001) ;
SDR 146 TDI (000a4840000000000000000000000000000001) ;
SDR 146 TDI (000a4c40000000000000000000000000000001) ;
SDR 146 TDI (000a5000000000000000000000000000000003) ;
RUNTEST 20000 TCK;
SDR 146 TDI (000a8185000571000000000000000000018108) TDO (00000000000000000000000000000000000001) MASK (00000000000000000000000000000000000003) ;
SDR 146 TDI (000a8185000571000000000000000000018109) ;
SDR 146 TDI (000a8485000501000000000100000000e0c001) ;
SDR 146 TDI (000a8b84000000040000020000020000008501) ;
SDR 146 TDI (000a8ecd00000000000002000002000000dc01) ;
SDR 146 TDI (000a92c500020000000002000002000002c401) ;
SDR 146 TDI (000aa041030208000000000020000000025a01) ;
SDR 146 TDI (000aa644020202000000020000020000824001) ;
SDR 146 TDI (000aaac201000200001002000002000000c081) ;
SDR 146 TDI (000aacc202120000000002020002000002e681) ;
SDR 146 TDI (000ab0c400100000000000000000000000c001) ;
SDR 146 TDI (000ac08400003c000000002000000000008021) ;
SDR 146 TDI (000ac4c4000000000000000000008000c0e001) ;
SDR 146 TDI (000ac88408000000000000000000000000e001) ;
SDR 146 TDI (000acc8400000000000000000000000000f001) ;
SDR 146 TDI (000ad06400000000000000000000000000c083) ;
RUNTEST 20000 TCK;
SDR 146 TDI (000b0002010000020000000000004000020200) TDO (00000000000000000000000000000000000001) MASK (00000000000000000000000000000000000003) ;
SDR 146 TDI (000b0002010000020000000000004000020201) ;
SDR 146 TDI (000b0500000100000002000200000000000201) ;
SDR 146 TDI (000b0801080104030001000200000000020205) ;
SDR 146 TDI (000b0e00000100000000000000000000000001) ;
SDR 146 TDI (000b1000000000020000000000000200000101) ;
SDR 146 TDI (000b2200000000800001020200020000030301) ;
SDR 146 TDI (000b2400000000000000000000000000000001) ;
SDR 146 TDI (000b2800000300000002000000000000000101) ;
SDR 146 TDI (000b2c00000000000000000000000000000001) ;
SDR 146 TDI (000b3000000000000000000000000000000001) ;
SDR 146 TDI (000b4000000000000000000000000000000001) ;
SDR 146 TDI (000b4400000000000000000000000000000001) ;
SDR 146 TDI (000b4800000000000000000000000000000001) ;
SDR 146 TDI (000b4c00000000000000000000000000000001) ;
SDR 146 TDI (000b5000000000000000000000000000000003) ;
RUNTEST 20000 TCK;
SDR 146 TDI (000b8000000000040000000100000000000000) TDO (00000000000000000000000000000000000001) MASK (00000000000000000000000000000000000003) ;
SDR 146 TDI (000b8000000000040000000100000000000001) ;
SDR 146 TDI (000b8500000000000000000000000000e00101) ;
SDR 146 TDI (000b8801000000000000000000000000000001) ;
SDR 146 TDI (000b8e00000000000000000000000000020001) ;
SDR 146 TDI (000b9000000000000000000000000000000001) ;
SDR 146 TDI (000ba200000000000004020000020000000201) ;
SDR 146 TDI (000ba400010004000000000000000000a00201) ;
SDR 146 TDI (000ba800020200000000000000000000020001) ;
SDR 146 TDI (000bac00000002000000000000000000000001) ;
SDR 146 TDI (000bb000000000000000000000000000000001) ;
SDR 146 TDI (000bc000000000000000000000008000000001) ;
SDR 146 TDI (000bc400000000000000000020000000c00001) ;
SDR 146 TDI (000bc800000000000000000000000000000005) ;
SDR 146 TDI (000bcc00800000000000000000000000000001) ;
SDR 146 TDI (000bd000000000000000000000000000000003) ;
RUNTEST 20000 TCK;
SDR 146 TDI (000c0000000000000000000100000000000000) TDO (00000000000000000000000000000000000001) MASK (00000000000000000000000000000000000003) ;
SDR 146 TDI (000c0000000000000000000100000000000001) ;
SDR 146 TDI (000c0500000100000000004000000000000101) ;
SDR 146 TDI (000c0901000000000000000000000000004001) ;
SDR 146 TDI (000c0c00088000000000000000000000020001) ;
SDR 146 TDI (000c1000000000000000000000000000000001) ;
SDR 146 TDI (000c2200000000000000a20000020000004001) ;
SDR 146 TDI (000c2400010020000000000000000000004201) ;
SDR 146 TDI (000c2800030200000000000000000000024001) ;
SDR 146 TDI (000c2c00000002000000000000000000000001) ;
SDR 146 TDI (000c3000000000000000000000000000004001) ;
SDR 146 TDI (000c40000000000000000c0000000000000021) ;
SDR 146 TDI (000c4400000000000000000000000000002001) ;
SDR 146 TDI (000c4800000000000000000000000000000001) ;
SDR 146 TDI (000c4c00000000000000000000000000000001) ;
SDR 146 TDI (000c5000000000000000000000000000000003) ;
RUNTEST 20000 TCK;
SDR 146 TDI (000c8084010101000000000000000000010028) TDO (00000000000000000000000000000000000001) MASK (00000000000000000000000000000000000003) ;
SDR 146 TDI (000c8084010101000000000000000000010029) ;
SDR 146 TDI (000c8484000101000000000100000000e04001) ;
SDR 146 TDI (000c8984000100000000000100000000000101) ;
SDR 146 TDI (000c8dcd000000180000000000000000004101) ;
SDR 146 TDI (000c90c5000000000000000000000000024001) ;
SDR 146 TDI (000ca041000000000000000000000000000001) ;
SDR 146 TDI (000ca641000000000000a20000020000a00001) ;
SDR 146 TDI (000caac0010000000000020000020000000281) ;
SDR 146 TDI (000cacc0030200044000020000020000024081) ;
SDR 146 TDI (000cb0c4000000040000000000000000000001) ;
SDR 146 TDI (000cc084000000000008000000000000000001) ;
SDR 146 TDI (000cc4840000000000000c2000000000c00001) ;
SDR 146 TDI (000cc884000000000000000004000000002001) ;
SDR 146 TDI (000ccc84008000080000000004000000002001) ;
SDR 146 TDI (000cd064800000000000000000000000000083) ;
RUNTEST 20000 TCK;
SDR 146 TDI (000d0202030202030303008103000303030200) TDO (00000000000000000000000000000000000001) MASK (00000000000000000000000000000000000003) ;
SDR 146 TDI (000d0202030202030303008103000303030201) ;
SDR 146 TDI (000d0702030303030303000203000303030321) ;
SDR 146 TDI (000d0b03010303030303000203000303030201) ;
SDR 146 TDI (000d0f02010303030303100203fc0303030201) ;
SDR 146 TDI (000d1102030103030303000303000303010301) ;
SDR 146 TDI (000d2302030103030303020203020303030301) ;
SDR 146 TDI (000d2503010103030303000203002303010201) ;
SDR 146 TDI (000d2b03030301030303000203000303030301) ;
SDR 146 TDI (000d2d01000103030303100003bc0303010001) ;
SDR 146 TDI (000d3004000000000000000000000000000001) ;
SDR 146 TDI (000d4000000000000000000000000000000001) ;
SDR 146 TDI (000d4400000000000000000000000000000001) ;
SDR 146 TDI (000d4820000000000000000080000000000001) ;
SDR 146 TDI (000d4c20000040000000100000bc0000000001) ;
SDR 146 TDI (000d5040000000000000000000000000000043) ;
RUNTEST 20000 TCK;
SDR 146 TDI (000d8000000000200000000000000000000000) TDO (00000000000000000000000000000000000001) MASK (00000000000000000000000000000000000003) ;
SDR 146 TDI (000d8000000000200000000000000000000001) ;
SDR 146 TDI (000d84401000000004dc000000000000000401) ;
SDR 146 TDI (000d8840000000000000000000000000000001) ;
SDR 146 TDI (000d8c18000000000000e80000000000000001) ;
SDR 146 TDI (000d9000000000000000000000000200000001) ;
SDR 146 TDI (000da010000000000000000000000000000001) ;
SDR 146 TDI (000da4002000000004c0000004000004000081) ;
SDR 146 TDI (000da800000000000000004000000000000001) ;
SDR 146 TDI (000dac800000040000004c0000400000000001) ;
SDR 146 TDI (000db000000000000000000000000000000001) ;
SDR 146 TDI (000dc000000400000000000000000000000001) ;
SDR 146 TDI (000dc4004000000008f0000000000004001021) ;
SDR 146 TDI (000dc800000000000000000000000000000001) ;
SDR 146 TDI (000dcc10000000000000e00000400000000001) ;
SDR 146 TDI (000dd020000000000000000000000000000003) ;
RUNTEST 20000 TCK;
SDR 146 TDI (000e000000000000000000000000c000000000) TDO (00000000000000000000000000000000000001) MASK (00000000000000000000000000000000000003) ;
SDR 146 TDI (000e000000000000000000000000c000000001) ;
SDR 146 TDI (000e040000000000000000000000c000000001) ;
SDR 146 TDI (000e080000000000000000000000c000000001) ;
SDR 146 TDI (000e0c00000000000000000000fcc000000001) ;
SDR 146 TDI (000e100000000000000000000000c200000001) ;
SDR 146 TDI (000e200000000000000000000000c000000001) ;
SDR 146 TDI (000e240000000000000000000000c000000001) ;
SDR 146 TDI (000e2800000000000000a00000008000000001) ;
SDR 146 TDI (000e2c00000000000000000000fc4000000001) ;
SDR 146 TDI (000e3000000000000000000000004000000001) ;
SDR 146 TDI (000e4000000000000000000000000000000001) ;
SDR 146 TDI (000e4400000000000000000000004008000001) ;
SDR 146 TDI (000e48000000000000000c0000004000000001) ;
SDR 146 TDI (000e4c00000000000000000080fc4000000001) ;
SDR 146 TDI (000e5000008000000000000000004000000003) ;
RUNTEST 20000 TCK;
SDR 146 TDI (000e8058f00000d8dc000000000000fc0000c0) TDO (00000000000000000000000000000000000001) MASK (00000000000000000000000000000000000003) ;
SDR 146 TDI (000e8058f00000d8dc000000000000fc0000c1) ;
SDR 146 TDI (000e8400000000000000000000000000400001) ;
SDR 146 TDI (000e8800000000000000000000000000000401) ;
SDR 146 TDI (000e8c00000000000000000000000000001801) ;
SDR 146 TDI (000e9000000000000000000000000000000401) ;
SDR 146 TDI (000ea084f00080603c000000000020bc000025) ;
SDR 146 TDI (000ea400000000000000a00000000000000001) ;
SDR 146 TDI (000ea800000000000020000004004000000001) ;
SDR 146 TDI (000eac00000000000000000000008000004001) ;
SDR 146 TDI (000eb000000000000000000000008000004001) ;
SDR 146 TDI (000ec050740000d8d80000400000a0f4000001) ;
SDR 146 TDI (000ec4000040000000000c000000a000000001) ;
SDR 146 TDI (000ec80000000000000000000000a000000001) ;
SDR 146 TDI (000ecc0000000000000000000000a000001001) ;
SDR 146 TDI (000ed00000000000000000000000a000000003) ;
RUNTEST 20000 TCK;
SDR 146 TDI (000f0202060002060200000000000000020200) TDO (00000000000000000000000000000000000001) MASK (00000000000000000000000000000000000003) ;
SDR 146 TDI (000f0202060002060200000000000000020201) ;
SDR 146 TDI (000f0740020101040202000000004101010001) ;
SDR 146 TDI (000f0940000001870001008000000002030281) ;
SDR 146 TDI (000f0c10000040c4dcdc0000000000fc000001) ;
SDR 146 TDI (000f1100020001860000000102000302010301) ;
SDR 146 TDI (000f2100020000800101000202000100030381) ;
SDR 146 TDI (000f2400000000840000000000000000000081) ;
SDR 146 TDI (000f2900010101860102000000000000010301) ;
SDR 146 TDI (000f2c00000000e03cc00000000000bc000081) ;
SDR 146 TDI (000f3000000000800000000004000000000001) ;
SDR 146 TDI (000f4000000000000000000000000000000001) ;
SDR 146 TDI (000f4400000000800000000000000000000041) ;
SDR 146 TDI (000f4820000000800000000000000000000001) ;
SDR 146 TDI (000f4c30000000d0d8f00000000000f4000041) ;
SDR 146 TDI (000f5000000000800000000000000000000003) ;
RUNTEST 20000 TCK;
SDR 146 TDI (000f8000000400000000000000000000000000) TDO (00000000000000000000000000000000000001) MASK (00000000000000000000000000000000000003) ;
SDR 146 TDI (000f8000000400000000000000000000000001) ;
SDR 146 TDI (000f8400000400000000000000000000401081) ;
SDR 146 TDI (000f8800000000000000000000000000000001) ;
SDR 146 TDI (000f8c00000000000000000000000000000081) ;
SDR 146 TDI (000f9000000000000000000000000000000081) ;
SDR 146 TDI (000fa000000000000000000000000000000001) ;
SDR 146 TDI (000fa400000000000000000000000000000001) ;
SDR 146 TDI (000fa800000000000000000000000000000081) ;
SDR 146 TDI (000fac00001000040000000000000000000001) ;
SDR 146 TDI (000fb000001000040000000000000000000001) ;
SDR 146 TDI (000fc000080000000000000000002000000001) ;
SDR 146 TDI (000fc400000000000000000004000000400001) ;
SDR 146 TDI (000fc800000000000000008000000000000041) ;
SDR 146 TDI (000fcc00000000000000000000000000000001) ;
SDR 146 TDI (000fd000000000000000000000000000000043) ;
RUNTEST 20000 TCK;
SDR 146 TDI (001002000a0000020000000000000000000200) TDO (00000000000000000000000000000000000001) MASK (00000000000000000000000000000000000003) ;
SDR 146 TDI (001002000a0000020000000000000000000201) ;
SDR 146 TDI (00100600020701000002000000000001000001) ;
SDR 146 TDI (00100900000001030001000000000002010201) ;
SDR 146 TDI (00100c000000000000dc000000000000000001) ;
SDR 146 TDI (00101100020001000000004000000202010701) ;
SDR 146 TDI (00102100020000000001000200000000010301) ;
SDR 146 TDI (00102400008000000000000000000000008001) ;
SDR 146 TDI (00102900010101020002000000000000010301) ;
SDR 146 TDI (00102c000000000000c0000000000000000001) ;
SDR 146 TDI (00103000000000000000000000000000000001) ;
SDR 146 TDI (00104000008080000000000000000000008001) ;
SDR 146 TDI (0010440000c00000000000000000000000c001) ;
SDR 146 TDI (0010480000c00000000000000000000000c001) ;
SDR 146 TDI (00104c0000c0000000f000000000000000c001) ;
SDR 146 TDI (00105000004000000000000000000000004003) ;
RUNTEST 20000 TCK;
SDR 146 TDI (00108002008600010103000103000302018000) TDO (00000000000000000000000000000000000001) MASK (00000000000000000000000000000000000003) ;
SDR 146 TDI (00108002008600010103000103000302018001) ;
SDR 146 TDI (00108502018002030001000203000302c38301) ;
SDR 146 TDI (00108803008300000202000203000300008401) ;
SDR 146 TDI (00108f02018303030303000203000302038201) ;
SDR 146 TDI (00109002008102030203000303000100008001) ;
SDR 146 TDI (0010a202000103030202020003020302020001) ;
SDR 146 TDI (0010a503010143030303000203000302010241) ;
SDR 146 TDI (0010aa03028200010201000203000302028001) ;
SDR 146 TDI (0010ad01008103030303000003000302018001) ;
SDR 146 TDI (0010b000008000000000000000000000008001) ;
SDR 146 TDI (0010c000800000000000000000000000000001) ;
SDR 146 TDI (0010c400000000000000000000000000400001) ;
SDR 146 TDI (0010c800000000000000000000000000000001) ;
SDR 146 TDI (0010cc00000000000000000000000000000001) ;
SDR 146 TDI (0010d000008000000000008000000000008003) ;
RUNTEST 20000 TCK;
SDR 146 TDI (00110006010202010303000103000303030000) TDO (00000000000000000000000000000000000001) MASK (00000000000000000000000000000000000003) ;
SDR 146 TDI (00110006010202010303000103000303030001) ;
SDR 146 TDI (00110506010002030301000203000302030305) ;
SDR 146 TDI (00110a07010302800302000203000301028001) ;
SDR 146 TDI (00110f1e010b0303dfdf0002c3fc03ff030205) ;
SDR 146 TDI (00111006090102830303000303008101000005) ;
SDR 146 TDI (00112202010103030302820003020303020081) ;
SDR 146 TDI (00112507010103030303000203000303010281) ;
SDR 146 TDI (00112a07020200050301000203000303020001) ;
SDR 146 TDI (00112d85000503233fc30000c3fc03bf010001) ;
SDR 146 TDI (00113004000000800000000000000000000001) ;
SDR 146 TDI (00114084000000000000000000000000000001) ;
SDR 146 TDI (00114484000000800000000000000000000085) ;
SDR 146 TDI (00114884000000800000000000000000000001) ;
SDR 146 TDI (00114c9400000090d8f0000000fc00f4000085) ;
SDR 146 TDI (00115004000080800000000000000000000043) ;
RUNTEST 20000 TCK;
SDR 146 TDI (0011800000000004000000000000000000000c) TDO (00000000000000000000000000000000000001) MASK (00000000000000000000000000000000000003) ;
SDR 146 TDI (0011800000000004000000000000000000000d) ;
SDR 146 TDI (00118400000000040000000000000000c00001) ;
SDR 146 TDI (00118800000000040000000000000000000005) ;
SDR 146 TDI (00118c00000000dc0000000000000000000081) ;
SDR 146 TDI (00119000000000040000000000000000000081) ;
SDR 146 TDI (0011a000000000800000000000000000000001) ;
SDR 146 TDI (0011a400000000840000002000000000800001) ;
SDR 146 TDI (0011a800000000800000000000000000000085) ;
SDR 146 TDI (0011ac00000000c40000000000000000000081) ;
SDR 146 TDI (0011b000080040040000000000008000000005) ;
SDR 146 TDI (0011c000000000000000000000000000000085) ;
SDR 146 TDI (0011c400000000000000000000000000400041) ;
SDR 146 TDI (0011c800000000000000000000000000008085) ;
SDR 146 TDI (0011cc00000000480000000000000000000041) ;
SDR 146 TDI (0011d000000000000000000000000000000087) ;
RUNTEST 20000 TCK;
SDR 146 TDI (00120084000000000000000000000000000028) TDO (00000000000000000000000000000000000001) MASK (00000000000000000000000000000000000003) ;
SDR 146 TDI (00120084000000000000000000000000000029) ;
SDR 146 TDI (00120484000000000000000004000000000021) ;
SDR 146 TDI (00120884001000000000000000000000000421) ;
SDR 146 TDI (00120ccc000000180000000000000000001821) ;
SDR 146 TDI (001210c4000000000000000000000000000401) ;
SDR 146 TDI (00122040000000000000000000000000000059) ;
SDR 146 TDI (00122444008000000000000000000000000051) ;
SDR 146 TDI (001228c4000000000000000000000000000081) ;
SDR 146 TDI (00122cc4000000040000000000000000004081) ;
SDR 146 TDI (001230c4000000040000000000000000004001) ;
SDR 146 TDI (00124084000000000000000000000000000069) ;
SDR 146 TDI (001244c4000000000000000000000000000021) ;
SDR 146 TDI (001248c4000000000000000000000000000021) ;
SDR 146 TDI (00124cc4000000080000000000000000001021) ;
SDR 146 TDI (00125064000000000000000000000000000083) ;
RUNTEST 20000 TCK;
SDR 146 TDI (00128000008400010102000003000300010000) TDO (00000000000000000000000000000000000001) MASK (00000000000000000000000000000000000003) ;
SDR 146 TDI (00128000008400010102000003000300010001) ;
SDR 146 TDI (00128402219402030001000003000300030001) ;
SDR 146 TDI (00128802108000000202000007000300000001) ;
SDR 146 TDI (00128d02d198430303dff802c70003fc010001) ;
SDR 146 TDI (00129002009002030203000207000100000001) ;
SDR 146 TDI (0012a002001003030202000007000200000001) ;
SDR 146 TDI (0012a503001003030303002207002300010001) ;
SDR 146 TDI (0012aa03009000010201000287000300000001) ;
SDR 146 TDI (0012ad01f094010303c35c00c70003bc010001) ;
SDR 146 TDI (0012b000009000000000000004000000000001) ;
SDR 146 TDI (0012c000009000000000000084000000000001) ;
SDR 146 TDI (0012c40000c000000000000084000000000001) ;
SDR 146 TDI (0012c80000c800000000000084000000000001) ;
SDR 146 TDI (0012cc0070c8000000f0f000840000f4000001) ;
SDR 146 TDI (0012d00000c800000000000080000000000003) ;
RUNTEST 20000 TCK;
SDR 146 TDI (00130000000000002000000000000000000000) TDO (00000000000000000000000000000000000001) MASK (00000000000000000000000000000000000003) ;
SDR 146 TDI (00130000000000002000000000000000000001) ;
SDR 146 TDI (00130400000000000000000000000000008001) ;
SDR 146 TDI (00130800000000000000000000000000000001) ;
SDR 146 TDI (00130c00000000000000000000000000000001) ;
SDR 146 TDI (00131000000000000000000000000000000001) ;
SDR 146 TDI (00132000000000000000000000000000000001) ;
SDR 146 TDI (00132400000000000000000000000000000001) ;
SDR 146 TDI (00132800000000000000000000000000000001) ;
SDR 146 TDI (00132c00000000000000000000000000000001) ;
SDR 146 TDI (00133000000000000000000000000000000001) ;
SDR 146 TDI (00134000000000002400000000000000000001) ;
SDR 146 TDI (00134400000000000000000000000000000001) ;
SDR 146 TDI (00134800000000000000000000000000000001) ;
SDR 146 TDI (00134c00000000000000000000000000000001) ;
SDR 146 TDI (00135000000000000000000000000000000003) ;
RUNTEST 20000 TCK;
SDR 146 TDI (00138084010200000000000100000002000000) TDO (00000000000000000000000000000000000001) MASK (00000000000000000000000000000000000003) ;
SDR 146 TDI (00138084010200000000000100000002000001) ;
SDR 146 TDI (00138484000800002000000200000002000301) ;
SDR 146 TDI (00138885000300000000000000000000000001) ;
SDR 146 TDI (00138cc4000300000000000000000002020001) ;
SDR 146 TDI (001390c4000100000000000000000000000001) ;
SDR 146 TDI (0013a040000900000000020000020002020001) ;
SDR 146 TDI (0013a444010500000000000000000002000201) ;
SDR 146 TDI (0013a8c4020200000000000000000002020001) ;
SDR 146 TDI (0013ac44000102000000000000000002000001) ;
SDR 146 TDI (0013b0c4000000000000000000000000000001) ;
SDR 146 TDI (0013c084000000000000000000000000000001) ;
SDR 146 TDI (0013c4c4000000002408200000000000008001) ;
SDR 146 TDI (0013c8c4000000000000000000000000000001) ;
SDR 146 TDI (0013ccc4000000000000000000000000000001) ;
SDR 146 TDI (0013d044000000000000000000000000000003) ;
RUNTEST 20000 TCK;
SDR 146 TDI (00140000000000000000000000000000000000) TDO (00000000000000000000000000000000000001) MASK (00000000000000000000000000000000000003) ;
SDR 146 TDI (00140000000000000000000000000000000001) ;
SDR 146 TDI (00140400000000000000000000000000000001) ;
SDR 146 TDI (00140800000000000000000000000000000001) ;
SDR 146 TDI (00140c000000000000000000000000fc000001) ;
SDR 146 TDI (00141000000000000000000000000000000001) ;
SDR 146 TDI (00142000080000000000002000000000000001) ;
SDR 146 TDI (00142400000000000000000000000000000001) ;
SDR 146 TDI (00142800800000000000000000000000000001) ;
SDR 146 TDI (00142c000080000000000080000000b0000001) ;
SDR 146 TDI (00143000880000000000008000000000000001) ;
SDR 146 TDI (0014400088000000000000a040000000000001) ;
SDR 146 TDI (0014440088000000000000a000000000000001) ;
SDR 146 TDI (0014480088000000000000a000000000000001) ;
SDR 146 TDI (00144c0088000000000000a0000000f4000001) ;
SDR 146 TDI (0014500088000000000000a000000000000003) ;
RUNTEST 20000 TCK;
SDR 146 TDI (00148000000000000000000000000000000000) TDO (00000000000000000000000000000000000001) MASK (00000000000000000000000000000000000003) ;
SDR 146 TDI (00148000000000000000000000000000000001) ;
SDR 146 TDI (00148400000000000000000000000000000001) ;
SDR 146 TDI (00148800000000000000000000000000000001) ;
SDR 146 TDI (00148c0000000000dc00000000fc0000000001) ;
SDR 146 TDI (00149000000000000000000000000000000001) ;
SDR 146 TDI (0014a000040000000000000000000000000001) ;
SDR 146 TDI (0014a400000000000000000000000000000001) ;
SDR 146 TDI (0014a804000000000000000000000000000001) ;
SDR 146 TDI (0014ac00000000003c00000000bc0000000001) ;
SDR 146 TDI (0014b000040000000000000000000000000001) ;
SDR 146 TDI (0014c000000000000000000000000000000001) ;
SDR 146 TDI (0014c400040000000000004040000000000001) ;
SDR 146 TDI (0014c840004000000000000000000000000001) ;
SDR 146 TDI (0014cc0004000000d800004000bc0000000001) ;
SDR 146 TDI (0014d000000000000000004000000000000003) ;
RUNTEST 20000 TCK;
SDR 146 TDI (00150000000000000000000000000000022000) TDO (00000000000000000000000000000000000001) MASK (00000000000000000000000000000000000003) ;
SDR 146 TDI (00150000000000000000000000000000022001) ;
SDR 146 TDI (00150500200000000000000000000000000001) ;
SDR 146 TDI (00150800001000800000000000000000024001) ;
SDR 146 TDI (00150e40001000000000080000000000004001) ;
SDR 146 TDI (0015100000900080000000000000000000c001) ;
SDR 146 TDI (00152200001000000000000000000000005801) ;
SDR 146 TDI (0015250000900000000c00000000000000c001) ;
SDR 146 TDI (0015280100900004000000000000000000c001) ;
SDR 146 TDI (00152d000084002000020c000040000000a401) ;
SDR 146 TDI (00153000008000800000000000000000008001) ;
SDR 146 TDI (00154000000000000000000000000000002001) ;
SDR 146 TDI (00154480000000800004000000000000000001) ;
SDR 146 TDI (00154800004000800000000000000000006001) ;
SDR 146 TDI (00154c00004800900000000000400000006001) ;
SDR 146 TDI (00155000004800800000000000000000004003) ;
RUNTEST 20000 TCK;
SDR 146 TDI (00158000008400040000000000000000008000) TDO (00000000000000000000000000000000000001) MASK (00000000000000000000000000000000000003) ;
SDR 146 TDI (00158000008400040000000000000000008001) ;
SDR 146 TDI (0015840000940004000000000000000000c001) ;
SDR 146 TDI (00158800108000040000000000000000008401) ;
SDR 146 TDI (00158c08d08840dcdc00f00000fc0000009c01) ;
SDR 146 TDI (00159000000000040000000000000000000401) ;
SDR 146 TDI (0015a000000000800000000000000000000001) ;
SDR 146 TDI (0015a400000000840000002000002000000001) ;
SDR 146 TDI (0015a800000000800000000000000000000001) ;
SDR 146 TDI (0015ac80f01000c43c00500000bc0000004001) ;
SDR 146 TDI (0015b000001000040000000000000000004001) ;
SDR 146 TDI (0015c000008000000000000000000000008001) ;
SDR 146 TDI (0015c40000c00000000000000000000000e001) ;
SDR 146 TDI (0015c800008800000000000004000000008001) ;
SDR 146 TDI (0015cc0070800048d800f00004bc0000009001) ;
SDR 146 TDI (0015d020008000000000000000000000008003) ;
RUNTEST 20000 TCK;
SDR 146 TDI (00160000000004000000000000000000000000) TDO (00000000000000000000000000000000000001) MASK (00000000000000000000000000000000000003) ;
SDR 146 TDI (00160000000004000000000000000000000001) ;
SDR 146 TDI (00160400000000000000000000000000000001) ;
SDR 146 TDI (00160800000000000000000000000000000001) ;
SDR 146 TDI (00160c00000000000000000000000000000001) ;
SDR 146 TDI (00161000000000000000000000000000000001) ;
SDR 146 TDI (00162000000000000000000000000000000001) ;
SDR 146 TDI (00162400000000000000000000000000000001) ;
SDR 146 TDI (00162800000000000000000000000000000001) ;
SDR 146 TDI (00162c00000000000000000000000000000001) ;
SDR 146 TDI (00163000000000000000000000000000000001) ;
SDR 146 TDI (00164000000000000000000000000000000001) ;
SDR 146 TDI (00164400000000000000000000000000000001) ;
SDR 146 TDI (00164800000000000000000000000000000001) ;
SDR 146 TDI (00164c00000000000000000000000000000001) ;
SDR 146 TDI (00165000000000000000000000000000000003) ;
RUNTEST 20000 TCK;
SDR 146 TDI (00168303030303030303000103000303030300) TDO (00000000000000000000000000000000000001) MASK (00000000000000000000000000000000000003) ;
SDR 146 TDI (00168303030303030303000103000303030301) ;
SDR 146 TDI (00168503030103030303020303020303030301) ;
SDR 146 TDI (00168b03010303030303020303020303020301) ;
SDR 146 TDI (00168f03010303030303020203020303030301) ;
SDR 146 TDI (00169303030303030303020303020101030301) ;
SDR 146 TDI (0016a303030307030303020203020303020301) ;
SDR 146 TDI (0016a703030303030303020203020303030201) ;
SDR 146 TDI (0016ab03030203030303020203020303030301) ;
SDR 146 TDI (0016af03030303030303020203020303030201) ;
SDR 146 TDI (0016b000000000000000000000000000000001) ;
SDR 146 TDI (0016c000000000000000000000000000000001) ;
SDR 146 TDI (0016c400000000000000000000000000000001) ;
SDR 146 TDI (0016c800000000000000000000000000000001) ;
SDR 146 TDI (0016cc00000000000000000000000000000001) ;
SDR 146 TDI (0016d000000000000000000000000000000003) ;
RUNTEST 20000 TCK;
SDR 146 TDI (00170103010303030303000103000302010300) TDO (00000000000000000000000000000000000001) MASK (00000000000000000000000000000000000003) ;
SDR 146 TDI (00170103010303030303000103000302010301) ;
SDR 146 TDI (00170503010303230323020103020302030121) ;
SDR 146 TDI (00170b03010202030303020303020300020301) ;
SDR 146 TDI (00170f03010203230323020203020302030221) ;
SDR 146 TDI (00171203010302010303020303020100020601) ;
SDR 146 TDI (00172203030303030303020203020302020219) ;
SDR 146 TDI (00172707030303030333020203020302030241) ;
SDR 146 TDI (00172a03030202010303020203020302020301) ;
SDR 146 TDI (00172f07020303030333020203020302030201) ;
SDR 146 TDI (00173000000000000000000000000000000001) ;
SDR 146 TDI (00174000000000000000000000000000000041) ;
SDR 146 TDI (00174440000000000008000000000000000021) ;
SDR 146 TDI (00174800000000000000000000000000000001) ;
SDR 146 TDI (00174c40000000000008000000000000000021) ;
SDR 146 TDI (00175000000000000000000000000000000003) ;
RUNTEST 20000 TCK;
SDR 146 TDI (00178185000503220220000100000000010328) TDO (00000000000000000000000000000000000001) MASK (00000000000000000000000000000000000003) ;
SDR 146 TDI (00178185000503220220000100000000010329) ;
SDR 146 TDI (00178585000501000202000100000000000101) ;
SDR 146 TDI (00178b85000000230021020100020000020721) ;
SDR 146 TDI (00178fcd000200180000020000020000020001) ;
SDR 146 TDI (001792c5000200000000020000020000020001) ;
SDR 146 TDI (0017a241030200000131020200020000060241) ;
SDR 146 TDI (0017a641030202000000020000020000020211) ;
SDR 146 TDI (0017aac6030202000132020200020000020281) ;
SDR 146 TDI (0017aec2021202040000020200020000020281) ;
SDR 146 TDI (0017b0c4001000040000000000000000000001) ;
SDR 146 TDI (0017c084000000000008000000000000000029) ;
SDR 146 TDI (0017c484000000000000000000000000000001) ;
SDR 146 TDI (0017c8c4000000000008000004000000000021) ;
SDR 146 TDI (0017cc84000000080000000004000000000001) ;
SDR 146 TDI (0017d064000000000000000000000000000083) ;
RUNTEST 20000 TCK;
SDR 146 TDI (00180101000103010302000103000300010300) TDO (00000000000000000000000000000000000001) MASK (00000000000000000000000000000000000003) ;
SDR 146 TDI (00180101000103010302000103000300010301) ;
SDR 146 TDI (001805030d0103030201008107000300030101) ;
SDR 146 TDI (00180b0300004000020202c103020300020301) ;
SDR 146 TDI (00180f0309020703db03020203fe036c030001) ;
SDR 146 TDI (001812030c020603020302c203020100020001) ;
SDR 146 TDI (001822030f0247030302026007022200020201) ;
SDR 146 TDI (001827030f0247030303020207020300030201) ;
SDR 146 TDI (00182a03830246010301028287020300020201) ;
SDR 146 TDI (00182f038a0247033b0302c207be8300030201) ;
SDR 146 TDI (001830000c004400000000c000008000000001) ;
SDR 146 TDI (001840000000000000000000c400a000000001) ;
SDR 146 TDI (0018440080000000000000000400a000000001) ;
SDR 146 TDI (0018480080000000000000a00000a000000001) ;
SDR 146 TDI (00184c0008000000d80000c004bca0d4000001) ;
SDR 146 TDI (0018500088000000000000800000a000000003) ;
RUNTEST 20000 TCK;
SDR 146 TDI (001881010c010100000000c100000000010100) TDO (00000000000000000000000000000000000001) MASK (00000000000000000000000000000000000003) ;
SDR 146 TDI (001881010c010100000000c100000000010101) ;
SDR 146 TDI (00188501000181000000004100000000000101) ;
SDR 146 TDI (00188b010c0000000000020004020000000101) ;
SDR 146 TDI (00188e0184000000000002c004020090020001) ;
SDR 146 TDI (00189201000200000000020004020000020001) ;
SDR 146 TDI (0018a201030200000000028000020000020201) ;
SDR 146 TDI (0018a600030282000000028000020000020201) ;
SDR 146 TDI (0018aa020f0202000000024000020000020001) ;
SDR 146 TDI (0018ac024602020000000202000200b0020201) ;
SDR 146 TDI (0018b000800080000000000004000000000001) ;
SDR 146 TDI (0018c00088000000000000a000000000000001) ;
SDR 146 TDI (0018c40008000000000000a080004000000001) ;
SDR 146 TDI (0018c800080000000000000084000000000001) ;
SDR 146 TDI (0018cc00c00000000000002080004020000001) ;
SDR 146 TDI (0018d000000000000000002080004000000003) ;
RUNTEST 20000 TCK;
SDR 146 TDI (00190001020002030000000200000002030200) TDO (00000000000000000000000000000000000001) MASK (00000000000000000000000000000000000003) ;
SDR 146 TDI (00190001020002030000000200000002030201) ;
SDR 146 TDI (00190500010002020000010300000002000101) ;
SDR 146 TDI (00190802000300000100000000000100000001) ;
SDR 146 TDI (00190d01030303000000010300000000020301) ;
SDR 146 TDI (00191003000301030100010000000102000001) ;
SDR 146 TDI (00192000000000000000000000000000000001) ;
SDR 146 TDI (00192400000000000000000000000000000001) ;
SDR 146 TDI (00192800000000000000000000000000000001) ;
SDR 146 TDI (00192c00000000000000000000000000000001) ;
SDR 146 TDI (00193000008000000000000000000000000001) ;
SDR 146 TDI (00194000000000000000000000000000000001) ;
SDR 146 TDI (00194400000000000000000000000000000001) ;
SDR 146 TDI (00194800000000000000000000000000000001) ;
SDR 146 TDI (00194c00000000000000000000000000000001) ;
SDR 146 TDI (00195000000000000000000000000000000003) ;
RUNTEST 20000 TCK;
SDR 146 TDI (00198001000103010101010001000101010200) TDO (00000000000000000000000000000000000001) MASK (00000000000000000000000000000000000003) ;
SDR 146 TDI (00198001000103010101010001000101010201) ;
SDR 146 TDI (00198602020203010003020203010000030201) ;
SDR 146 TDI (00198901000102000100010000000101000001) ;
SDR 146 TDI (00198e02030203010203020303010000030201) ;
SDR 146 TDI (00199101010102000300010000010100000101) ;
SDR 146 TDI (0019a000000000000000000008000000000001) ;
SDR 146 TDI (0019a400000000000000000000000000000001) ;
SDR 146 TDI (0019a800000000000000000000000000000001) ;
SDR 146 TDI (0019ac00000000000000000000000000000001) ;
SDR 146 TDI (0019b000000000000000000000000000000001) ;
SDR 146 TDI (0019c000000000000000000000000008000001) ;
SDR 146 TDI (0019c400000000000000000000000000000001) ;
SDR 146 TDI (0019c800000000000000000000000000000001) ;
SDR 146 TDI (0019cc00004000000000000000000000000001) ;
SDR 146 TDI (0019d000000000000000000000000000000003) ;
RUNTEST 20000 TCK;
SDR 146 TDI (001a0300020187000001020300000000020300) TDO (00000000000000000000000000000000000001) MASK (00000000000000000000000000000000000003) ;
SDR 146 TDI (001a0300020187000001020300000000020301) ;
SDR 146 TDI (001a0400000084000000010000000001000101) ;
SDR 146 TDI (001a0800000004000000020000008001000101) ;
SDR 146 TDI (001a0f00020183000000010300000000020201) ;
SDR 146 TDI (001a1000000100000001030000000001020105) ;
SDR 146 TDI (001a2000000000000000000000000000000001) ;
SDR 146 TDI (001a2400000080000000000000000000000001) ;
SDR 146 TDI (001a2800000080000000000000000000000001) ;
SDR 146 TDI (001a2c00000080000000000000000000000001) ;
SDR 146 TDI (001a3000000080000000000000000000000001) ;
SDR 146 TDI (001a40000000c0000000000000000000000041) ;
SDR 146 TDI (001a44000000c0000000000000000000000001) ;
SDR 146 TDI (001a48000000c0000000000000000000000001) ;
SDR 146 TDI (001a4c000000c0000000000000000000000021) ;
SDR 146 TDI (001a50000000c0000000000000000000008003) ;
RUNTEST 20000 TCK;
SDR 146 TDI (001a8203020200000203030302020201030200) TDO (00000000000000000000000000000000000001) MASK (00000000000000000000000000000000000003) ;
SDR 146 TDI (001a8203020200000203030302020201030201) ;
SDR 146 TDI (001a8602020002030302320303ab0201020201) ;
SDR 146 TDI (001a89020203c0010102030203020001030101) ;
SDR 146 TDI (001a8e01010106030300000101010201010221) ;
SDR 146 TDI (001a9101010384010101010001010001010101) ;
SDR 146 TDI (001aa000000044000000000000000000040001) ;
SDR 146 TDI (001aa400000044003800040000140000000041) ;
SDR 146 TDI (001aa800000044000000000000000000000001) ;
SDR 146 TDI (001aac04000044000020000000000000000001) ;
SDR 146 TDI (001ab000000044000000000000000000000001) ;
SDR 146 TDI (001ac000000800000000000000000000000001) ;
SDR 146 TDI (001ac40000000000c000400000e80000004001) ;
SDR 146 TDI (001ac800000000000000000000000000000001) ;
SDR 146 TDI (001acc40000000000000000000008000000081) ;
SDR 146 TDI (001ad000000000000000000000000000000003) ;
RUNTEST 20000 TCK;
SDR 146 TDI (001b0000000000000200000100010000000100) TDO (00000000000000000000000000000000000001) MASK (00000000000000000000000000000000000003) ;
SDR 146 TDI (001b0000000000000200000100010000000101) ;
SDR 146 TDI (001b0602030203000002030000020201010201) ;
SDR 146 TDI (001b0900000000000202000000010001000001) ;
SDR 146 TDI (001b0e02030201000202030000020200010301) ;
SDR 146 TDI (001b1100000002000202010100010001000101) ;
SDR 146 TDI (001b2000000000000000000000000000000001) ;
SDR 146 TDI (001b2400000000000000000000000000000001) ;
SDR 146 TDI (001b2800000000000000000000000000000001) ;
SDR 146 TDI (001b2c00000000000000000000000000000001) ;
SDR 146 TDI (001b3000000000000000000000000000000001) ;
SDR 146 TDI (001b4000000000000000000000000000000001) ;
SDR 146 TDI (001b4400000000000000000000000000000001) ;
SDR 146 TDI (001b4800000040000000000000000000000001) ;
SDR 146 TDI (001b4c00000000000000000000000000000001) ;
SDR 146 TDI (001b5000000000000000000000000000000003) ;
RUNTEST 20000 TCK;
SDR 146 TDI (001b8300020502020201000202000000e00308) TDO (00000000000000000000000000000000000001) MASK (00000000000000000000000000000000000003) ;
SDR 146 TDI (001b8300020502020201000202000000e00309) ;
SDR 146 TDI (001b8602000602d30000020082030201000201) ;
SDR 146 TDI (001b8902000300010200020200020201020501) ;
SDR 146 TDI (001b8f02820202020200020202030200001b01) ;
SDR 146 TDI (001b9102000300000201020200030201020501) ;
SDR 146 TDI (001ba000000040004000000000000000a00001) ;
SDR 146 TDI (001ba400000000600000000000000000000001) ;
SDR 146 TDI (001ba800000000000000000000000000000081) ;
SDR 146 TDI (001bac00c01000000000000000000000004081) ;
SDR 146 TDI (001bb000001000000000000000000000004001) ;
SDR 146 TDI (001bc000000000200000000000000000c00001) ;
SDR 146 TDI (001bc400000000400000000000000000000001) ;
SDR 146 TDI (001bc800000000000000000000000000000001) ;
SDR 146 TDI (001bcc00400000000000000000000000001001) ;
SDR 146 TDI (001bd000000000000000000000000000000083) ;
RUNTEST 20000 TCK;
SDR 146 TDI (001c0303020203000301020300020200010300) TDO (00000000000000000000000000000000000001) MASK (00000000000000000000000000000000000003) ;
SDR 146 TDI (001c0303020203000301020300020200010301) ;
SDR 146 TDI (001c0602228203000300030200020203028001) ;
SDR 146 TDI (001c0900000103010100000101010001000005) ;
SDR 146 TDI (001c0f13538a000002009b03c0020202038505) ;
SDR 146 TDI (001c1105018103010103010101010001008005) ;
SDR 146 TDI (001c2000001000000000000000000000005001) ;
SDR 146 TDI (001c2400000000000000000004000000000081) ;
SDR 146 TDI (001c2800001000000000000000000000004001) ;
SDR 146 TDI (001c2c001004000000001c00c4400000002401) ;
SDR 146 TDI (001c3040000000000000000004000000000001) ;
SDR 146 TDI (001c4000000000000000000004000000000081) ;
SDR 146 TDI (001c4400008000000000000004000000008041) ;
SDR 146 TDI (001c4800004000000000000080000000004085) ;
SDR 146 TDI (001c4c1000800000000050000040000000a0c5) ;
SDR 146 TDI (001c5000004800000000000080000000004047) ;
RUNTEST 20000 TCK;
SDR 146 TDI (001c820300840301000200000000020000810c) TDO (00000000000000000000000000000000000001) MASK (00000000000000000000000000000000000003) ;
SDR 146 TDI (001c820300840301000200000000020000810d) ;
SDR 146 TDI (001c8400000603000000000000010002010105) ;
SDR 146 TDI (001c8808108301000100000004000000008501) ;
SDR 146 TDI (001c8e0b821042200002600000fd0200025881) ;
SDR 146 TDI (001c9001021301010100000004010000024501) ;
SDR 146 TDI (001ca000000000000000000004000000000081) ;
SDR 146 TDI (001ca400001000000000002000000000004001) ;
SDR 146 TDI (001ca800008000000000000084000000008085) ;
SDR 146 TDI (001cac80e01000000010400000bc0000004085) ;
SDR 146 TDI (001cb00000900000000000000000000000c001) ;
SDR 146 TDI (001cc000008000000000000080000000008005) ;
SDR 146 TDI (001cc400004000000000000080000000006085) ;
SDR 146 TDI (001cc800008800000000000004000000008041) ;
SDR 146 TDI (001ccc20704000000000a00084bc0000005001) ;
SDR 146 TDI (001cd020008000000000000000000000008083) ;
RUNTEST 20000 TCK;
SDR 146 TDI (001d0001010000010000000200000000020100) TDO (00000000000000000000000000000000000001) MASK (00000000000000000000000000000000000003) ;
SDR 146 TDI (001d0001010000010000000200000000020101) ;
SDR 146 TDI (001d0602030202020303030301020201030001) ;
SDR 146 TDI (001d0800010100000000000000010101000101) ;
SDR 146 TDI (001d0e03020203020303030301020200010101) ;
SDR 146 TDI (001d1001010101010000010000010101020101) ;
SDR 146 TDI (001d2000000000000000000000000000000001) ;
SDR 146 TDI (001d2400000000000000008000000000000001) ;
SDR 146 TDI (001d2880000000000000000000000000000001) ;
SDR 146 TDI (001d2c00000000000000000000000000008001) ;
SDR 146 TDI (001d3000000000000000000000000000000001) ;
SDR 146 TDI (001d4080000000000000000000000000000001) ;
SDR 146 TDI (001d4400000000000000000000000000000001) ;
SDR 146 TDI (001d4800000000000000000000000000000001) ;
SDR 146 TDI (001d4c00000000000000000000000000000001) ;
SDR 146 TDI (001d5000000000000000000000000000000003) ;
RUNTEST 20000 TCK;
SDR 146 TDI (001d8101000501000000010100000001000008) TDO (00000000000000000000000000000000000001) MASK (00000000000000000000000000000000000003) ;
SDR 146 TDI (001d8101000501000000010100000001000009) ;
SDR 146 TDI (001d8500000501000200010300010000030101) ;
SDR 146 TDI (001d8900010101000100010000000000020001) ;
SDR 146 TDI (001d8c09000000180200000300010000010001) ;
SDR 146 TDI (001d9001010000000100000000010001020001) ;
SDR 146 TDI (001da000000000000000000000000000000001) ;
SDR 146 TDI (001da400000000000000000000000000000001) ;
SDR 146 TDI (001da800000000000000000000000000000081) ;
SDR 146 TDI (001dac80001000040000000000000000000081) ;
SDR 146 TDI (001db000001000040000000000000000000001) ;
SDR 146 TDI (001dc000004000000000000000000000000001) ;
SDR 146 TDI (001dc400000000000000008000000000000001) ;
SDR 146 TDI (001dc800000000000000000004000000004001) ;
SDR 146 TDI (001dcc00000000080000000004000000000001) ;
SDR 146 TDI (001dd020000000000000000000000000000083) ;
RUNTEST 20000 TCK;
SDR 146 TDI (001e000101810100010000000003000103a000) TDO (00000000000000000000000000000000000001) MASK (00000000000000000000000000000000000003) ;
SDR 146 TDI (001e000101810100010000000003000103a001) ;
SDR 146 TDI (001e050020930100010001000400000003c001) ;
SDR 146 TDI (001e084010920100010000000403000202c081) ;
SDR 146 TDI (001e0f05d19882000000f902c4fc000003c581) ;
SDR 146 TDI (001e120100930300010001030403000102c185) ;
SDR 146 TDI (001e2000001000000000000004000000005881) ;
SDR 146 TDI (001e240000900000000000200400200000c085) ;
SDR 146 TDI (001e280000900000000000008400000000c005) ;
SDR 146 TDI (001e2c40f084000000005c00c4fc000c00a405) ;
SDR 146 TDI (001e3000008000000000000004000000008005) ;
SDR 146 TDI (001e400000800000000000008400000000a001) ;
SDR 146 TDI (001e440000c00000000000008400000000e081) ;
SDR 146 TDI (001e482000c80000000000008000000000e0c1) ;
SDR 146 TDI (001e4c0070c800000000f00080fc000000e0c1) ;
SDR 146 TDI (001e500000c80000000000008000000000c043) ;
RUNTEST 20000 TCK;
SDR 146 TDI (001e820100040004010000010000000200030c) TDO (00000000000000000000000000000000000001) MASK (00000000000000000000000000000000000003) ;
SDR 146 TDI (001e820100040004010000010000000200030d) ;
SDR 146 TDI (001e8640000400040100000100010001000385) ;
SDR 146 TDI (001e8800000181840000000000000003000505) ;
SDR 146 TDI (001e8c19020100dcdfde0002020300fc020005) ;
SDR 146 TDI (001e9201020101860202000302030001020701) ;
SDR 146 TDI (001ea000000000800000000000000000000001) ;
SDR 146 TDI (001ea400000000840000000000000000000001) ;
SDR 146 TDI (001ea800000000840000000000000000000081) ;
SDR 146 TDI (001eac80000000e43cc00000000000b0000081) ;
SDR 146 TDI (001eb000001000840000000000000000004001) ;
SDR 146 TDI (001ec008000000000000000000000000000085) ;
SDR 146 TDI (001ec400000000800000000000000000000045) ;
SDR 146 TDI (001ec800000000800000000004000000000005) ;
SDR 146 TDI (001ecc30000000d8d8f00000040000f4000005) ;
SDR 146 TDI (001ed020000000800000000000000000000087) ;
RUNTEST 20000 TCK;
SDR 146 TDI (001f0381010003010001000300000000020300) TDO (00000000000000000000000000000000000001) MASK (00000000000000000000000000000000000003) ;
SDR 146 TDI (001f0381010003010001000300000000020301) ;
SDR 146 TDI (001f0500010201000001010100000001000101) ;
SDR 146 TDI (001f0800010200000301000000000001000001) ;
SDR 146 TDI (001f0e01000002000001010200000000030201) ;
SDR 146 TDI (001f1101010301050301010100000001010101) ;
SDR 146 TDI (001f2000000000000000000000000000000001) ;
SDR 146 TDI (001f2400000000000000000000000000000001) ;
SDR 146 TDI (001f2800000000000000000000000000000001) ;
SDR 146 TDI (001f2c00000000000000000000000000000001) ;
SDR 146 TDI (001f3000000000000000000000000000000001) ;
SDR 146 TDI (001f4004000000000000040000000000000001) ;
SDR 146 TDI (001f4400000000000000000000000000000001) ;
SDR 146 TDI (001f4800000000000000000000000000000001) ;
SDR 146 TDI (001f4c00000000000000000000000000000001) ;
SDR 146 TDI (001f5000000000000000000000000000000003) ;
RUNTEST 20000 TCK;
SDR 146 TDI (001f810203840203030103010101030002010c) TDO (00000000000000000000000000000000000001) MASK (00000000000000000000000000000000000003) ;
SDR 146 TDI (001f810203840203030103010101030002010d) ;
SDR 146 TDI (001f8543229402020201030001010200030185) ;
SDR 146 TDI (001f8840109101000000010100000000000085) ;
SDR 146 TDI (001f8d1bd399420303010201010103fc030085) ;
SDR 146 TDI (001f9000009101000000010100000000000185) ;
SDR 146 TDI (001fa000003000000000000000000000000081) ;
SDR 146 TDI (001fa400009000040020002000002000000085) ;
SDR 146 TDI (001fa800009000000000000000000000000085) ;
SDR 146 TDI (001fac80f094000000000000000000bc000085) ;
SDR 146 TDI (001fb000009000000000000000000000000005) ;
SDR 146 TDI (001fc000008000000000000000000000000085) ;
SDR 146 TDI (001fc40000c0000000000000000000000000c5) ;
SDR 146 TDI (001fc82000c8000000000000000000000000c5) ;
SDR 146 TDI (001fcc3070c8000000000000000000f40000c5) ;
SDR 146 TDI (001fd02000c8000000000000000000000000c7) ;
RUNTEST 20000 TCK;
SDR 146 TDI (002000000d0084000301004300004001018000) TDO (00000000000000000000000000000000000001) MASK (00000000000000000000000000000000000003) ;
SDR 146 TDI (002000000d0084000301004300004001018001) ;
SDR 146 TDI (002004040f0202000201004001014002020201) ;
SDR 146 TDI (00200800080204000301004300004000000081) ;
SDR 146 TDI (00200d010f030301010101c30100c1ce030301) ;
SDR 146 TDI (0020110109030101030101c30001c101000101) ;
SDR 146 TDI (00202000000004000000000000000000000001) ;
SDR 146 TDI (00202440000044000000004000004000000005) ;
SDR 146 TDI (00202800000040000000000000000000000001) ;
SDR 146 TDI (00202c000000440000000080000080a0000001) ;
SDR 146 TDI (002030000800c0000000008000008000000001) ;
SDR 146 TDI (002040008800c000000000200000a000000001) ;
SDR 146 TDI (00204400800080800000002080002000000001) ;
SDR 146 TDI (00204820880000000000002000002000000001) ;
SDR 146 TDI (00204c008400c00000000020000020a4000001) ;
SDR 146 TDI (0020500084008000000000e000006000000003) ;
RUNTEST 20000 TCK;
SDR 146 TDI (0020810101050305030001810000810101000c) TDO (00000000000000000000000000000000000001) MASK (00000000000000000000000000000000000003) ;
SDR 146 TDI (0020810101050305030001810000810101000d) ;
SDR 146 TDI (00208540000705050300008300018100030285) ;
SDR 146 TDI (002089400603c1850300018000008102000005) ;
SDR 146 TDI (00208c19810080dcde00000200fd0030030285) ;
SDR 146 TDI (00209001060284840200010100010001000185) ;
SDR 146 TDI (0020a00008004080002000a00400a000000081) ;
SDR 146 TDI (0020a400080000840000008000008000000081) ;
SDR 146 TDI (0020a8008c000484000000c00000c000000085) ;
SDR 146 TDI (0020ac80cc1000e43c00004000fc4010000085) ;
SDR 146 TDI (0020b000841004840000000000000000000005) ;
SDR 146 TDI (0020c000000000000000008000000000008085) ;
SDR 146 TDI (0020c4000800400000000080000080000000c5) ;
SDR 146 TDI (0020c8000000c08000000080000080000000c5) ;
SDR 146 TDI (0020cc30480000d8d800008000fc80500000c5) ;
SDR 146 TDI (0020d0200800408000000000000080000000c7) ;
RUNTEST 20000 TCK;
SDR 146 TDI (00210203020002020100000202020001020100) TDO (00000000000000000000000000000000000001) MASK (00000000000000000000000000000000000003) ;
SDR 146 TDI (00210203020002020100000202020001020101) ;
SDR 146 TDI (00210482030000020100010002020000020101) ;
SDR 146 TDI (00210800118300000100000000020000000301) ;
SDR 146 TDI (00210e13c18b420200dc0102c20000fc010101) ;
SDR 146 TDI (00211001038300000100010000020001030381) ;
SDR 146 TDI (00212000000000000000000000000000040001) ;
SDR 146 TDI (00212400001000000000002000002000000001) ;
SDR 146 TDI (00212800001000000000000084000000000001) ;
SDR 146 TDI (00212c00e004000000c00000440000b0000001) ;
SDR 146 TDI (00213000000000000000000004000000000001) ;
SDR 146 TDI (00214000000000000000080080000000000001) ;
SDR 146 TDI (00214404004000000000000004000000000001) ;
SDR 146 TDI (00214800008800000000000000000000000001) ;
SDR 146 TDI (00214c3070c0000000f00000800000f4000001) ;
SDR 146 TDI (0021500000c800000000000080000000000003) ;
RUNTEST 20000 TCK;
SDR 146 TDI (00218303038601030103010303020301000200) TDO (00000000000000000000000000000000000001) MASK (00000000000000000000000000000000000003) ;
SDR 146 TDI (00218303038601030103010303020301000201) ;
SDR 146 TDI (00218702218603030102010303030302020301) ;
SDR 146 TDI (00218900010100210301000305000100010601) ;
SDR 146 TDI (00218e0b101303020003010206030200021901) ;
SDR 146 TDI (00219001000100000201000200010001010401) ;
SDR 146 TDI (0021a008001000000000000004000000000001) ;
SDR 146 TDI (0021a400000000000000000004000000000001) ;
SDR 146 TDI (0021a800008000000000000000000000000001) ;
SDR 146 TDI (0021ac8010900000000000008000000c004001) ;
SDR 146 TDI (0021b000001000000000000000000000004001) ;
SDR 146 TDI (0021c000008000000000000004000000200001) ;
SDR 146 TDI (0021c400008000000000000080000000000001) ;
SDR 146 TDI (0021c800004000000000000084000000000001) ;
SDR 146 TDI (0021cc00000800000000000004000000001041) ;
SDR 146 TDI (0021d020000000000000000000000000000003) ;
RUNTEST 20000 TCK;
SDR 146 TDI (00220203010102000101030100010100000200) TDO (00000000000000000000000000000000000001) MASK (00000000000000000000000000000000000003) ;
SDR 146 TDI (00220203010102000101030100010100000201) ;
SDR 146 TDI (00220603010300000101010100010100000201) ;
SDR 146 TDI (00220a02000202000000020000000002020201) ;
SDR 146 TDI (00220f01010103000101010100010100010301) ;
SDR 146 TDI (00221202000202000000020000000002020201) ;
SDR 146 TDI (00222000000000000000000000000000000001) ;
SDR 146 TDI (00222400000000000000000000000000000001) ;
SDR 146 TDI (00222800000000000000000000000000000001) ;
SDR 146 TDI (00222c00000000000000000000000000000001) ;
SDR 146 TDI (00223000000000000000000000000000000001) ;
SDR 146 TDI (00224000000000000000000000000000000001) ;
SDR 146 TDI (00224400000000000000000000000000000001) ;
SDR 146 TDI (00224800000000000000000000000000000001) ;
SDR 146 TDI (00224c00000000000000000000000000000001) ;
SDR 146 TDI (00225000000800000000000000000000000003) ;
RUNTEST 20000 TCK;
SDR 146 TDI (00228302020402010200000200000000020200) TDO (00000000000000000000000000000000000001) MASK (00000000000000000000000000000000000003) ;
SDR 146 TDI (00228302020402010200000200000000020201) ;
SDR 146 TDI (002285088304100102010002000000fe020201) ;
SDR 146 TDI (00228900000200030100000002020002010401) ;
SDR 146 TDI (00228f02030202010201000200000000021a01) ;
SDR 146 TDI (00229102000200030100000002020002010401) ;
SDR 146 TDI (0022a000000000000000000000000000080001) ;
SDR 146 TDI (0022a4009000080000004800000000b8000001) ;
SDR 146 TDI (0022a800001000000000000000000000000001) ;
SDR 146 TDI (0022ac00001000000000000000000000004001) ;
SDR 146 TDI (0022b000001000000000000000000000004001) ;
SDR 146 TDI (0022c020000000000000000000000000000001) ;
SDR 146 TDI (0022c4102000181800001000000000f0000001) ;
SDR 146 TDI (0022c800000000000000000000000000000001) ;
SDR 146 TDI (0022cc00000000000000000000000000001001) ;
SDR 146 TDI (0022d000000000000000000000000000000003) ;
RUNTEST 20000 TCK;
SDR 146 TDI (00230007020000000000010300020100020200) TDO (00000000000000000000000000000000000001) MASK (00000000000000000000000000000000000003) ;
SDR 146 TDI (00230007020000000000010300020100020201) ;
SDR 146 TDI (00230403230002000200010300020100020201) ;
SDR 146 TDI (00230843121202810000010301020100020201) ;
SDR 146 TDI (00230f00811a4200dedc1801000000fc000001) ;
SDR 146 TDI (00231301019202850000010101000100000001) ;
SDR 146 TDI (00232040001000000000000000000000000001) ;
SDR 146 TDI (00232400009000040000002000002000000001) ;
SDR 146 TDI (00232800009000040000000000000000000001) ;
SDR 146 TDI (00232c00c08400203cc01c00000000bc000001) ;
SDR 146 TDI (00233000008000800000000000000000000001) ;
SDR 146 TDI (00234000000000000000000000000000000001) ;
SDR 146 TDI (00234400004000800000000000000000000001) ;
SDR 146 TDI (00234820004800800000000000000000002001) ;
SDR 146 TDI (00234c2040480090d8f01000000000f4000001) ;
SDR 146 TDI (0023500000c800800000000000000000000003) ;
RUNTEST 20000 TCK;
SDR 146 TDI (0023820101a501050303030001010000010000) TDO (00000000000000000000000000000000000001) MASK (00000000000000000000000000000000000003) ;
SDR 146 TDI (0023820101a501050303030001010000010001) ;
SDR 146 TDI (00238541019501050301030101010002010001) ;
SDR 146 TDI (00238800028000040300000000000000000201) ;
SDR 146 TDI (00238f19518101df0103e30101010000010001) ;
SDR 146 TDI (00239000020000020300020200000000000201) ;
SDR 146 TDI (0023a000000000800000000000000000004001) ;
SDR 146 TDI (0023a400000000800000000040000000000001) ;
SDR 146 TDI (0023a800000000800000000000000000000001) ;
SDR 146 TDI (0023ac80301000c40000400000000000000001) ;
SDR 146 TDI (0023b000001000040000000000000000000001) ;
SDR 146 TDI (0023c000008000000000000000000000000001) ;
SDR 146 TDI (0023c400008000000000000000000000000001) ;
SDR 146 TDI (0023c800008000000000000000000000000001) ;
SDR 146 TDI (0023cc10308000480000e00000000000000001) ;
SDR 146 TDI (0023d020000000000000000000000000000003) ;
RUNTEST 20000 TCK;
SDR 146 TDI (00240202000000000000000000020000000200) TDO (00000000000000000000000000000000000001) MASK (00000000000000000000000000000000000003) ;
SDR 146 TDI (00240202000000000000000000020000000201) ;
SDR 146 TDI (00240602020202020000000000000002000201) ;
SDR 146 TDI (00240802020300020220000000020000000201) ;
SDR 146 TDI (00240c00020102020022000000000000000201) ;
SDR 146 TDI (00241200020302020202000000020000000201) ;
SDR 146 TDI (00242000000000000000000000000000000001) ;
SDR 146 TDI (00242400000000000000000000000000000001) ;
SDR 146 TDI (00242800000000000030000000000000000001) ;
SDR 146 TDI (00242c00000000000030000000000000000001) ;
SDR 146 TDI (00243000000000000000000000000000000001) ;
SDR 146 TDI (00244000000000000000000000000000000001) ;
SDR 146 TDI (00244400000000000000000000000000000001) ;
SDR 146 TDI (00244800000000000008000000000000000001) ;
SDR 146 TDI (00244c00000000000008000000000000000001) ;
SDR 146 TDI (00245000000000000000000000000000000003) ;
RUNTEST 20000 TCK;
SDR 146 TDI (00248200000000000020000200000001030200) TDO (00000000000000000000000000000000000001) MASK (00000000000000000000000000000000000003) ;
SDR 146 TDI (00248200000000000020000200000001030201) ;
SDR 146 TDI (00248500010203020320000100020201010101) ;
SDR 146 TDI (00248a00000200000000000000000001010001) ;
SDR 146 TDI (00248f00010003020300000300020201030301) ;
SDR 146 TDI (00249200000200000000000000000001010001) ;
SDR 146 TDI (0024a000000000000030000000000000000001) ;
SDR 146 TDI (0024a400000000000030000000000000000001) ;
SDR 146 TDI (0024a800000000000000000000000000000001) ;
SDR 146 TDI (0024ac00000000000000000000000000000001) ;
SDR 146 TDI (0024b000000000000000000000000000000001) ;
SDR 146 TDI (0024c000000000000008000000000000004001) ;
SDR 146 TDI (0024c400000000000008000000000000000001) ;
SDR 146 TDI (0024c800000000000000000004000000000001) ;
SDR 146 TDI (0024cc00000000000000000004000000000001) ;
SDR 146 TDI (0024d000000000000000000000000000000003) ;
RUNTEST 20000 TCK;
SDR 146 TDI (00250200020102030000000303030000000000) TDO (00000000000000000000000000000000000001) MASK (00000000000000000000000000000000000003) ;
SDR 146 TDI (00250200020102030000000303030000000001) ;
SDR 146 TDI (00250600020102010000000101010000000201) ;
SDR 146 TDI (00250a03020102030200030003030300000001) ;
SDR 146 TDI (00250e00020002000000000000000000008201) ;
SDR 146 TDI (00251203020102030200030103030300000001) ;
SDR 146 TDI (00252000000000000000000000000000000001) ;
SDR 146 TDI (00252400000000000000000000008000000001) ;
SDR 146 TDI (00252800000000000000000000000000000001) ;
SDR 146 TDI (00252c00000000000000000000000000000001) ;
SDR 146 TDI (00253000000000000000000000000000000001) ;
SDR 146 TDI (00254000000000000000000000000000000001) ;
SDR 146 TDI (00254400000000000000000000000000000001) ;
SDR 146 TDI (00254800000000000000000000000000000001) ;
SDR 146 TDI (00254c00000000000000000000000000000001) ;
SDR 146 TDI (00255000000000000000000000000000000003) ;
RUNTEST 20000 TCK;
SDR 146 TDI (00258086010202020200020200000000100000) TDO (00000000000000000000000000000000000001) MASK (00000000000000000000000000000000000003) ;
SDR 146 TDI (00258086010202020200020200000000100001) ;
SDR 146 TDI (00258686000232020200000100000100000201) ;
SDR 146 TDI (00258a86000000020000020300000100000201) ;
SDR 146 TDI (00258ecc0200021a0200000200000000000201) ;
SDR 146 TDI (002592c6000200020000020300000100000201) ;
SDR 146 TDI (0025a040000000000000000000000000000001) ;
SDR 146 TDI (0025a440000008000000000000000000000001) ;
SDR 146 TDI (0025a8c0000000000000000000000000000001) ;
SDR 146 TDI (0025acc0000000040000000000000000000001) ;
SDR 146 TDI (0025b0c4000000040000000000000000000001) ;
SDR 146 TDI (0025c084000000000000000000000000000001) ;
SDR 146 TDI (0025c484000038000000000000000000000001) ;
SDR 146 TDI (0025c884000000000000000004008000000001) ;
SDR 146 TDI (0025cc84000000080000000004000000008001) ;
SDR 146 TDI (0025d064000000000000000000000000000003) ;
RUNTEST 20000 TCK;
SDR 146 TDI (00260100010202002103000200010000020200) TDO (00000000000000000000000000000000000001) MASK (00000000000000000000000000000000000003) ;
SDR 146 TDI (00260100010202002103000200010000020201) ;
SDR 146 TDI (00260500010302010003000201000000030201) ;
SDR 146 TDI (00260902000102020302020002010001030101) ;
SDR 146 TDI (00260f00010200010101000201000000000201) ;
SDR 146 TDI (00261302000100020300020002010001010101) ;
SDR 146 TDI (00262000000000000000000000000000000001) ;
SDR 146 TDI (00262400000000000000000008000000000001) ;
SDR 146 TDI (00262800000000000000000000000000000001) ;
SDR 146 TDI (00262c00000000000000000000000000000001) ;
SDR 146 TDI (00263000000000000000000000000000000001) ;
SDR 146 TDI (00264000000000000000000000000000000001) ;
SDR 146 TDI (00264400000000000000000000000000000021) ;
SDR 146 TDI (00264800000000000000000000000000000001) ;
SDR 146 TDI (00264c00000000000000000000000000000001) ;
SDR 146 TDI (00265000000000000000000000000000000003) ;
RUNTEST 20000 TCK;
SDR 146 TDI (002680000018000000dcfc00c4fc0000005c00) TDO (00000000000000000000000000000000000001) MASK (00000000000000000000000000000000000003) ;
SDR 146 TDI (002680000018000000dcfc00c4fc0000005c01) ;
SDR 146 TDI (00268400000000000000000000000000000021) ;
SDR 146 TDI (00268800000000000000000000000000000001) ;
SDR 146 TDI (00268c00000000000000000000000000000001) ;
SDR 146 TDI (00269000000000000000000000000000000001) ;
SDR 146 TDI (0026a0000084000000c05c00c0fc000000a401) ;
SDR 146 TDI (0026a404000000000000000000000000000001) ;
SDR 146 TDI (0026a800000000000000000000000000000001) ;
SDR 146 TDI (0026ac00000000000000000000000000000001) ;
SDR 146 TDI (0026b000000000000000000000000000000001) ;
SDR 146 TDI (0026c0000000000000f0f00020fc4000101001) ;
SDR 146 TDI (0026c440000000000000000000000000000001) ;
SDR 146 TDI (0026c800000000000000000000000000000001) ;
SDR 146 TDI (0026cc00000000000000000000000000000001) ;
SDR 146 TDI (0026d000000000000000000000000000000003) ;
RUNTEST 20000 TCK;
SDR 146 TDI (00270101010101010101010101010101010100) TDO (00000000000000000000000000000000000001) MASK (00000000000000000000000000000000000003) ;
SDR 146 TDI (00270101010101010101010101010101010101) ;
SDR 146 TDI (00270501010101000000010100010000010101) ;
SDR 146 TDI (00270880000000000000000000000000000001) ;
SDR 146 TDI (00270c00000000000000000000000000000001) ;
SDR 146 TDI (00271000000000000000000000000000000001) ;
SDR 146 TDI (00272000000000000000000000000000000001) ;
SDR 146 TDI (00272501010101010101010101010101010101) ;
SDR 146 TDI (00272800000000000000000000000000000001) ;
SDR 146 TDI (00272c00000000000000000000000000000001) ;
SDR 146 TDI (00273000000000000000000000000000000001) ;
SDR 146 TDI (00274000000000000000000000000000000001) ;
SDR 146 TDI (00274400000000000000000000000000000001) ;
SDR 146 TDI (00274804000000000000000000000000000001) ;
SDR 146 TDI (00274c00000000000000000000000000000001) ;
SDR 146 TDI (00275000000000000000000000000000000003) ;
RUNTEST 20000 TCK;
SDR 146 TDI (00278000000000000000000000000000000008) TDO (00000000000000000000000000000000000001) MASK (00000000000000000000000000000000000003) ;
SDR 146 TDI (00278000000000000000000000000000000009) ;
SDR 146 TDI (00278400000000000020000000000000000001) ;
SDR 146 TDI (00278800000000000000000000000000000401) ;
SDR 146 TDI (00278c08000000180000000000000000001801) ;
SDR 146 TDI (00279000000000000000000000000000000401) ;
SDR 146 TDI (0027a000000000080000000000000000000001) ;
SDR 146 TDI (0027a400000008000000000000000000000001) ;
SDR 146 TDI (0027a800000000000000000000000000000081) ;
SDR 146 TDI (0027ac80000000040000000000000000004081) ;
SDR 146 TDI (0027b000000000040000000000000000004001) ;
SDR 146 TDI (0027c000000000000000000000000000000001) ;
SDR 146 TDI (0027c400000000000000000000000000000001) ;
SDR 146 TDI (0027c800000000000000000004000000000001) ;
SDR 146 TDI (0027cc00000000080000000004000000001001) ;
SDR 146 TDI (0027d020000000000000000000000000000083) ;
RUNTEST 20000 TCK;
SDR 146 TDI (00280000000000000000000000000000000000) TDO (00000000000000000000000000000000000001) MASK (00000000000000000000000000000000000003) ;
SDR 146 TDI (00280000000000000000000000000000000001) ;
SDR 146 TDI (00280400000000000000000000000000000001) ;
SDR 146 TDI (00280800101000000000000000000000004001) ;
SDR 146 TDI (00280c0080080000dcdc0000000000fc000001) ;
SDR 146 TDI (00281000000000040000000000000000000001) ;
SDR 146 TDI (00282000000000000000000000000000001801) ;
SDR 146 TDI (00282400008000040000002000000000008001) ;
SDR 146 TDI (00282800000000000000000000000000000001) ;
SDR 146 TDI (00282c00c00000003cc00000000000b0000001) ;
SDR 146 TDI (00283000000000000000000000000000000001) ;
SDR 146 TDI (00284000000000000000000000000000000001) ;
SDR 146 TDI (00284400004000800000000000000000006001) ;
SDR 146 TDI (00284800000800000000000000000000000001) ;
SDR 146 TDI (00284c0040000000d8f00000000000f4000001) ;
SDR 146 TDI (00285000008000000000000000000000008003) ;
RUNTEST 20000 TCK;
SDR 146 TDI (0028800000840004000000000000000000a000) TDO (00000000000000000000000000000000000001) MASK (00000000000000000000000000000000000003) ;
SDR 146 TDI (0028800000840004000000000000000000a001) ;
SDR 146 TDI (0028840020940004000000000000000000c001) ;
SDR 146 TDI (00288800008000840000000000000000008401) ;
SDR 146 TDI (00288c00509000dc000000000000000000dc01) ;
SDR 146 TDI (0028900000900080000000000000000000c401) ;
SDR 146 TDI (0028a000001000800000000000000000004001) ;
SDR 146 TDI (0028a400001000800000000000000000004001) ;
SDR 146 TDI (0028a80000900084000000000000000000c001) ;
SDR 146 TDI (0028ac00309400e4000000000000000c00e401) ;
SDR 146 TDI (0028b00000900084000000000000000000c001) ;
SDR 146 TDI (0028c00000800000000000000000000000a001) ;
SDR 146 TDI (0028c400008000000000000000000000008001) ;
SDR 146 TDI (0028c80000c00080000000000000000000e001) ;
SDR 146 TDI (0028cc0030c800d8000000000000000000f001) ;
SDR 146 TDI (0028d000004800800000000000000000004003) ;
RUNTEST 20000 TCK;
SDR 146 TDI (00290000000000000000000000000000000000) TDO (00000000000000000000000000000000000001) MASK (00000000000000000000000000000000000003) ;
SDR 146 TDI (00290000000000000000000000000000000001) ;
SDR 146 TDI (00290400000000000000000000000000000001) ;
SDR 146 TDI (00290800000000200000000000000000000021) ;
SDR 146 TDI (00290c00000000200000000000000000000021) ;
SDR 146 TDI (00291000000000000000000000000000000001) ;
SDR 146 TDI (00292000000000000000000000000000040041) ;
SDR 146 TDI (00292400000000000000000000000000000051) ;
SDR 146 TDI (00292800000000000000000000000000000001) ;
SDR 146 TDI (00292c00000000000000000000000000000001) ;
SDR 146 TDI (00293000000000000000000000000000000001) ;
SDR 146 TDI (00294000000000000000000000000000000049) ;
SDR 146 TDI (00294400000000000000000000000000000001) ;
SDR 146 TDI (00294800000000000000000000000000000021) ;
SDR 146 TDI (00294c00000000000000000000000000000021) ;
SDR 146 TDI (00295000000000000000000080000000000003) ;
RUNTEST 20000 TCK;
SDR 146 TDI (00298000000408200000000000000000000028) TDO (00000000000000000000000000000000000001) MASK (00000000000000000000000000000000000003) ;
SDR 146 TDI (00298000000408200000000000000000000029) ;
SDR 146 TDI (00298400000400200000000000000000000021) ;
SDR 146 TDI (00298800000000000000000000000000000401) ;
SDR 146 TDI (00298c00000000180020000000000000001801) ;
SDR 146 TDI (00299000000000000000000000000000000401) ;
SDR 146 TDI (0029a000000000000000000000000000000019) ;
SDR 146 TDI (0029a400000000000000000000000000000001) ;
SDR 146 TDI (0029a800000000000000000000000000000081) ;
SDR 146 TDI (0029ac00001000040000000004000000004081) ;
SDR 146 TDI (0029b000001000040000000000000000004001) ;
SDR 146 TDI (0029c000000000000000000000000000000021) ;
SDR 146 TDI (0029c400000000000000000000000000000021) ;
SDR 146 TDI (0029c800000000000000000000000000000001) ;
SDR 146 TDI (0029cc00000000080000000000000000001001) ;
SDR 146 TDI (0029d000000000000000000000000000000083) ;
RUNTEST 20000 TCK;
SDR 146 TDI (002a0000000000000000000000000000002000) TDO (00000000000000000000000000000000000001) MASK (00000000000000000000000000000000000003) ;
SDR 146 TDI (002a0000000000000000000000000000002001) ;
SDR 146 TDI (002a0400008000000000000004000000000001) ;
SDR 146 TDI (002a0800000000000000000004000000004081) ;
SDR 146 TDI (002a0c000000000000000000c4000000004081) ;
SDR 146 TDI (002a100000000000000000000400000000c085) ;
SDR 146 TDI (002a2000000000000000000000000000005881) ;
SDR 146 TDI (002a240000000000000000000000000000c085) ;
SDR 146 TDI (002a280000000000000000008000000000c005) ;
SDR 146 TDI (002a2c000000000000000000c000000000a405) ;
SDR 146 TDI (002a3000000000000000000004000000008005) ;
SDR 146 TDI (002a4000000000000000000084000000002081) ;
SDR 146 TDI (002a44000000000000000000040000000060c1) ;
SDR 146 TDI (002a48000000000000000000000000000060c1) ;
SDR 146 TDI (002a4c000000000000000000000000000060c1) ;
SDR 146 TDI (002a500000000080000000000000000000c047) ;
RUNTEST 20000 TCK;
SDR 146 TDI (002a800000000000000000000000000000800c) TDO (00000000000000000000000000000000000001) MASK (00000000000000000000000000000000000003) ;
SDR 146 TDI (002a800000000000000000000000000000800d) ;
SDR 146 TDI (002a840000000000000000000000000000c085) ;
SDR 146 TDI (002a8800000000000000000000000000008405) ;
SDR 146 TDI (002a8c00000000000000000000000000009c05) ;
SDR 146 TDI (002a9000000000800000000000000000000401) ;
SDR 146 TDI (002aa000000000000000000004000000000001) ;
SDR 146 TDI (002aa400000008000000000004000000000001) ;
SDR 146 TDI (002aa800000000000000000004000000000081) ;
SDR 146 TDI (002aac00000000000000000004000000004081) ;
SDR 146 TDI (002ab000000000000000000000000000004001) ;
SDR 146 TDI (002ac000000000000000000000000000088005) ;
SDR 146 TDI (002ac400008008000000000080000000008005) ;
SDR 146 TDI (002ac800000000000000000084000000008005) ;
SDR 146 TDI (002acc00000000000008000084000000009005) ;
SDR 146 TDI (002ad000000000000000000080000000000083) ;
RUNTEST 20000 TCK;
SDR 146 TDI (002b0000000000000000000000008000000004) TDO (00000000000000000000000000000000000001) MASK (00000000000000000000000000000000000003) ;
SDR 146 TDI (002b0000000000000000000000008000000005) ;
SDR 146 TDI (002b0400000000000000000000000000000001) ;
SDR 146 TDI (002b0800000000000000000000000000000001) ;
SDR 146 TDI (002b0c00000000000000000000000000000001) ;
SDR 146 TDI (002b1080000000000000000000000000000001) ;
SDR 146 TDI (002b2000000000000000000000000000000001) ;
SDR 146 TDI (002b2400000000000000000000000000000001) ;
SDR 146 TDI (002b2800000000000000000000000000000001) ;
SDR 146 TDI (002b2c00000000000000000000000000000001) ;
SDR 146 TDI (002b3000000000000000000000000000000001) ;
SDR 146 TDI (002b4000000000000000000000000000000001) ;
SDR 146 TDI (002b4400000000000000000000000000000001) ;
SDR 146 TDI (002b4800000000000000000000000000000001) ;
SDR 146 TDI (002b4c00000080000000000000000000002001) ;
SDR 146 TDI (002b5004000000000000000000000000000003) ;
RUNTEST 20000 TCK;
SDR 146 TDI (002b8000000400000000000000000000000000) TDO (00000000000000000000000000000000000001) MASK (00000000000000000000000000000000000003) ;
SDR 146 TDI (002b8000000400000000000000000000000001) ;
SDR 146 TDI (002b840040040000d800000000540000000001) ;
SDR 146 TDI (002b8800000000000000000000000000000401) ;
SDR 146 TDI (002b8c08000000180000000000000000001801) ;
SDR 146 TDI (002b9000000000000000000000000000000401) ;
SDR 146 TDI (002ba000000000040000000000000000000001) ;
SDR 146 TDI (002ba400400000000000000000e80000000001) ;
SDR 146 TDI (002ba800000000000000000000004000004001) ;
SDR 146 TDI (002bac80001040040000000000000000004001) ;
SDR 146 TDI (002bb000001000040000000000000000004001) ;
SDR 146 TDI (002bc000000000000000000000000000000005) ;
SDR 146 TDI (002bc400100000001000000000140000000001) ;
SDR 146 TDI (002bc800000000000000000004000000000001) ;
SDR 146 TDI (002bcc00000000080000000004000000001001) ;
SDR 146 TDI (002bd020000000000000000000000000000003) ;
RUNTEST 20000 TCK;
SDR 146 TDI (002c0000000000000000000000000000000004) TDO (00000000000000000000000000000000000001) MASK (00000000000000000000000000000000000003) ;
SDR 146 TDI (002c0000000000000000000000000000000005) ;
SDR 146 TDI (002c0400200000000000000000000000000085) ;
SDR 146 TDI (002c0844000000000000000000000000000085) ;
SDR 146 TDI (002c0c00000000000000080000000000000085) ;
SDR 146 TDI (002c1000001000000000000000000000000085) ;
SDR 146 TDI (002c2000000000000000000000000000000081) ;
SDR 146 TDI (002c2400000000000000000000000000000085) ;
SDR 146 TDI (002c2840000000000000000000000000000005) ;
SDR 146 TDI (002c2c000000000000000c000040000c000005) ;
SDR 146 TDI (002c3000000000000000000000000000000005) ;
SDR 146 TDI (002c4000000000000000000000000000000085) ;
SDR 146 TDI (002c44000000000000000000000000000000c5) ;
SDR 146 TDI (002c48200000000000000000400000000000c5) ;
SDR 146 TDI (002c4c000000000000000000004000000000c5) ;
SDR 146 TDI (002c5000000000000000000000000000000047) ;
RUNTEST 20000 TCK;
SDR 146 TDI (002c8020000000000000000000000000080008) TDO (00000000000000000000000000000000000001) MASK (00000000000000000000000000000000000003) ;
SDR 146 TDI (002c8020000000000000000000000000080009) ;
SDR 146 TDI (002c8440000000000000000000000000000001) ;
SDR 146 TDI (002c8800100000000000000000000000000401) ;
SDR 146 TDI (002c8c18d0004018dc00f00000fc00fc001801) ;
SDR 146 TDI (002c9000000000000000000000000000000401) ;
SDR 146 TDI (002ca000000000100010000000000000000001) ;
SDR 146 TDI (002ca400001000000000000000002000000001) ;
SDR 146 TDI (002ca800000000000000000000000000000001) ;
SDR 146 TDI (002cac80f00000043c00500000bc00b0004081) ;
SDR 146 TDI (002cb000000000040000000000000000004001) ;
SDR 146 TDI (002cc000000000000000000000000000000001) ;
SDR 146 TDI (002cc400000000000000000040000000000001) ;
SDR 146 TDI (002cc800000000000000000000000000000001) ;
SDR 146 TDI (002ccc3070000008d800f00000bc00f4001001) ;
SDR 146 TDI (002cd020000000000000000000000000000083) ;
RUNTEST 20000 TCK;
SDR 146 TDI (002d00000c0000040000000000000000000008) TDO (00000000000000000000000000000000000001) MASK (00000000000000000000000000000000000003) ;
SDR 146 TDI (002d00000c0000040000000000000000000009) ;
SDR 146 TDI (002d04000c0000040000000000000000000001) ;
SDR 146 TDI (002d08000c0000840000004000000000000001) ;
SDR 146 TDI (002d0c000c0000040000000000000000000001) ;
SDR 146 TDI (002d10000c0000800000000000000000008001) ;
SDR 146 TDI (002d20000c0000000000000000000000000001) ;
SDR 146 TDI (002d24000c0000040000000000000000000001) ;
SDR 146 TDI (002d2800080000040000000000000000000001) ;
SDR 146 TDI (002d2c040c0000000000000000000000000001) ;
SDR 146 TDI (002d3000000000040000000000000000000001) ;
SDR 146 TDI (002d4000000000000000000000000000000001) ;
SDR 146 TDI (002d4400040000800000000000000000000001) ;
SDR 146 TDI (002d4800040000000000000000000000000001) ;
SDR 146 TDI (002d4c40040000000000000000000000000001) ;
SDR 146 TDI (002d5000040000000000000000000000000003) ;
RUNTEST 20000 TCK;
SDR 146 TDI (002d8000000000000000000000000000000000) TDO (00000000000000000000000000000000000001) MASK (00000000000000000000000000000000000003) ;
SDR 146 TDI (002d8000000000000000000000000000000001) ;
SDR 146 TDI (002d8400000030000000000000000000000001) ;
SDR 146 TDI (002d8800000000000000000000000000000001) ;
SDR 146 TDI (002d8c00000000000000000000000000000001) ;
SDR 146 TDI (002d9000000000040000000000000000000001) ;
SDR 146 TDI (002da000000000800000000000000000040001) ;
SDR 146 TDI (002da400000008800000000000000000000041) ;
SDR 146 TDI (002da800840000800000000000000000000001) ;
SDR 146 TDI (002dac00000000840000000000000000000001) ;
SDR 146 TDI (002db0008c0000800000000000000000000001) ;
SDR 146 TDI (002dc000880000000000000000000000000001) ;
SDR 146 TDI (002dc400880018000000000000000000000001) ;
SDR 146 TDI (002dc800880000800000002000000000000001) ;
SDR 146 TDI (002dcc00880000800000000000000000000001) ;
SDR 146 TDI (002dd000880000800000000000000000004083) ;
RUNTEST 20000 TCK;
SDR 146 TDI (002e0000000000000000000000000000000000) TDO (00000000000000000000000000000000000001) MASK (00000000000000000000000000000000000003) ;
SDR 146 TDI (002e0000000000000000000000000000000001) ;
SDR 146 TDI (002e0400000000000000000004008000000001) ;
SDR 146 TDI (002e0800001000000000000004008000004081) ;
SDR 146 TDI (002e0c000010000098000000c4348000004081) ;
SDR 146 TDI (002e100000900000000000000400c00000c085) ;
SDR 146 TDI (002e2000001000000000000000006000005881) ;
SDR 146 TDI (002e240008900000000000000000000000c085) ;
SDR 146 TDI (002e280000900000000000008000800000c005) ;
SDR 146 TDI (002e2c00008400001c000000c094c00000a405) ;
SDR 146 TDI (002e308000800000000000000400c000008005) ;
SDR 146 TDI (002e4000000000000000000004000000000001) ;
SDR 146 TDI (002e4400000040000000000004002000000081) ;
SDR 146 TDI (002e48000040000000000000000000000060c1) ;
SDR 146 TDI (002e4c8000480000880000000090c0000060c1) ;
SDR 146 TDI (002e500000480000000000000000a000004043) ;
RUNTEST 20000 TCK;
SDR 146 TDI (002e800000840000000000000000c00000a00c) TDO (00000000000000000000000000000000000001) MASK (00000000000000000000000000000000000003) ;
SDR 146 TDI (002e800000840000000000000000c00000a00d) ;
SDR 146 TDI (002e8400009400000000000000004000e0c085) ;
SDR 146 TDI (002e8800008000000000000000004000008405) ;
SDR 146 TDI (002e8c080088001844dc000000c84000009c05) ;
SDR 146 TDI (002e9000000004000000000000000000000401) ;
SDR 146 TDI (002ea000000000000000000004008000000001) ;
SDR 146 TDI (002ea400000000000000000004008000a00001) ;
SDR 146 TDI (002ea800800000000000000004004000000081) ;
SDR 146 TDI (002eac800010000420c0000004280000004081) ;
SDR 146 TDI (002eb000001000040000000000000000004001) ;
SDR 146 TDI (002ec00000800000000000008000a00000a085) ;
SDR 146 TDI (002ec40000c000000000000080008000c0e045) ;
SDR 146 TDI (002ec80000880000000000008400a000008005) ;
SDR 146 TDI (002ecc000080000850f00000842c2000009005) ;
SDR 146 TDI (002ed020008000000000000080000000008087) ;
RUNTEST 20000 TCK;
SDR 146 TDI (002f000000840000000000000000000000a00c) TDO (00000000000000000000000000000000000001) MASK (00000000000000000000000000000000000003) ;
SDR 146 TDI (002f000000840000000000000000000000a00d) ;
SDR 146 TDI (002f040000940000000000000400000000c085) ;
SDR 146 TDI (002f080010900000000000000400000000c485) ;
SDR 146 TDI (002f0c0000900000000000000400000000c085) ;
SDR 146 TDI (002f100000900000000000000400000000c485) ;
SDR 146 TDI (002f20000010000000000000040000000040c1) ;
SDR 146 TDI (002f240000900000000000000400200000c0c5) ;
SDR 146 TDI (002f280400900000000000008400000000c085) ;
SDR 146 TDI (002f2c0000900000000000000400000000c085) ;
SDR 146 TDI (002f300000900080000000000400000000c005) ;
SDR 146 TDI (002f40000080000000000000840000000080c5) ;
SDR 146 TDI (002f440000c00000000000008400000000e0c5) ;
SDR 146 TDI (002f484000c80000000000008400000000e0c5) ;
SDR 146 TDI (002f4c0000c80000000000008400000000e0c5) ;
SDR 146 TDI (002f500000c84000000000008000000000c0c7) ;
RUNTEST 20000 TCK;
SDR 146 TDI (002f8000000000000000000000000000000000) TDO (00000000000000000000000000000000000001) MASK (00000000000000000000000000000000000003) ;
SDR 146 TDI (002f8000000000000000000000000000000001) ;
SDR 146 TDI (002f8400000000000000000000000000000001) ;
SDR 146 TDI (002f8800000000000000000000000000000001) ;
SDR 146 TDI (002f8c00000000000000000000000000000001) ;
SDR 146 TDI (002f9000000000000000000000000000000001) ;
SDR 146 TDI (002fa000000000000008000000000000000001) ;
SDR 146 TDI (002fa400000000000000000000000000000001) ;
SDR 146 TDI (002fa800000000040000000000000000000001) ;
SDR 146 TDI (002fac00000000000000000000000000000001) ;
SDR 146 TDI (002fb000000004000000000000000000000001) ;
SDR 146 TDI (002fc000000000000000000000000000000001) ;
SDR 146 TDI (002fc400000000000000000000000000000001) ;
SDR 146 TDI (002fc800000000000000000000000000000001) ;
SDR 146 TDI (002fcc00000000000000000000000000000001) ;
SDR 146 TDI (002fd000000000000000000000000000000003) ;
RUNTEST 20000 TCK;
SDR 146 TDI (0030000000000000000000c000000000000000) TDO (00000000000000000000000000000000000001) MASK (00000000000000000000000000000000000003) ;
SDR 146 TDI (0030000000000000000000c000000000000001) ;
SDR 146 TDI (0030040000000000000000c000000000000001) ;
SDR 146 TDI (0030080000000000000000c000000000000021) ;
SDR 146 TDI (00300c0000000000000000c000000000000001) ;
SDR 146 TDI (0030100000800000000000c000000000000001) ;
SDR 146 TDI (0030200000000000000000c000000000000041) ;
SDR 146 TDI (0030240000000000000000c000000000000001) ;
SDR 146 TDI (00302800000000000000008000000000000001) ;
SDR 146 TDI (00302c00000000000000004000000000000001) ;
SDR 146 TDI (00303000000000000000004000000000000001) ;
SDR 146 TDI (00304000000000002000000000000000000001) ;
SDR 146 TDI (00304400000000000000004020000000000001) ;
SDR 146 TDI (00304800000000000000004000000000000001) ;
SDR 146 TDI (00304c00000000000000004000000000000001) ;
SDR 146 TDI (00305000000000000000004000000000000003) ;
RUNTEST 20000 TCK;
SDR 146 TDI (00308000000000000000000000000000000000) TDO (00000000000000000000000000000000000001) MASK (00000000000000000000000000000000000003) ;
SDR 146 TDI (00308000000000000000000000000000000001) ;
SDR 146 TDI (00308410000000000000c80000000000000001) ;
SDR 146 TDI (00308800000000000020000000000000000001) ;
SDR 146 TDI (00308c00000000000000000000000000000001) ;
SDR 146 TDI (00309000000000000000000000000000000001) ;
SDR 146 TDI (0030a000000000000000002000000000000001) ;
SDR 146 TDI (0030a480000000000000100000000000000001) ;
SDR 146 TDI (0030a800000000000000004000000000000001) ;
SDR 146 TDI (0030ac00000000000000008000000000000001) ;
SDR 146 TDI (0030b000000000000000008000000000000001) ;
SDR 146 TDI (0030c00000000000000000a000000000040001) ;
SDR 146 TDI (0030c40000000000000080a000000000000001) ;
SDR 146 TDI (0030c80000000000000000a000000000000021) ;
SDR 146 TDI (0030cc0000000000000000a000000000000001) ;
SDR 146 TDI (0030d00000400000000000a000000000000003) ;
RUNTEST 20000 TCK;
SDR 146 TDI (00310000000000000000000000000000000000) TDO (00000000000000000000000000000000000001) MASK (00000000000000000000000000000000000003) ;
SDR 146 TDI (00310000000000000000000000000000000001) ;
SDR 146 TDI (00310400200000000000000000000000000001) ;
SDR 146 TDI (00310800001000000000000000000000000001) ;
SDR 146 TDI (00310c00d00000000000000000008000000005) ;
SDR 146 TDI (00311000000000000000000000000000000001) ;
SDR 146 TDI (00312000001000000000200000000000000001) ;
SDR 146 TDI (00312400001000000000000000000000000001) ;
SDR 146 TDI (00312800001000000000000000000000000001) ;
SDR 146 TDI (00312c00f00000000000000000000000000001) ;
SDR 146 TDI (00313000001000000000000000000000000001) ;
SDR 146 TDI (00314000000000000400000000000000000001) ;
SDR 146 TDI (00314400000000000000000000000000000001) ;
SDR 146 TDI (00314800000800000000000000000000000001) ;
SDR 146 TDI (00314c00700000800000000000000000000001) ;
SDR 146 TDI (00315000000000000000000000000000000003) ;
RUNTEST 20000 TCK;
SDR 146 TDI (00318000000000000000000000000000040000) TDO (00000000000000000000000000000000000001) MASK (00000000000000000000000000000000000003) ;
SDR 146 TDI (00318000000000000000000000000000040001) ;
SDR 146 TDI (00318400001070000000000000000000000001) ;
SDR 146 TDI (00318800000000800000000000000000000001) ;
SDR 146 TDI (00318c00001000000000000000000000000001) ;
SDR 146 TDI (00319000001000000000000000000000000001) ;
SDR 146 TDI (0031a000000000000000000000000000000001) ;
SDR 146 TDI (0031a404000008000000000000000000000001) ;
SDR 146 TDI (0031a800000000000000000000000000000001) ;
SDR 146 TDI (0031ac00001000000000000000008000000001) ;
SDR 146 TDI (0031b000000000000000000000000000000001) ;
SDR 146 TDI (0031c000000000000000000000000000000001) ;
SDR 146 TDI (0031c440000038000000000000000000000001) ;
SDR 146 TDI (0031c800000000000008000000000000000001) ;
SDR 146 TDI (0031cc00000800000000000000000000000005) ;
SDR 146 TDI (0031d000000800000000000000000000000003) ;
RUNTEST 20000 TCK;
SDR 146 TDI (00320084000000000000000000000000000000) TDO (00000000000000000000000000000000000001) MASK (00000000000000000000000000000000000003) ;
SDR 146 TDI (00320084000000000000000000000000000001) ;
SDR 146 TDI (00320484000000040000000000000000000001) ;
SDR 146 TDI (00320884000000800000000000000000000001) ;
SDR 146 TDI (00320cc4000000840000000000000000000001) ;
SDR 146 TDI (003210c4000000000000000000000000000001) ;
SDR 146 TDI (00322040000000000000000000000000000001) ;
SDR 146 TDI (00322440000000800000000000000000000001) ;
SDR 146 TDI (003228c0000000040000000000000000000001) ;
SDR 146 TDI (00322c40000000e0000000000000000c000001) ;
SDR 146 TDI (003230c4000000800000000000000000000001) ;
SDR 146 TDI (00324084000000000000000000000000000001) ;
SDR 146 TDI (00324484000000000000000000000000000001) ;
SDR 146 TDI (00324884000000000000000000000000000001) ;
SDR 146 TDI (00324c84000000100000000000000000000001) ;
SDR 146 TDI (00325044000000000000000000000000000003) ;
RUNTEST 20000 TCK;
SDR 146 TDI (00328000000000040000000000000000000008) TDO (00000000000000000000000000000000000001) MASK (00000000000000000000000000000000000003) ;
SDR 146 TDI (00328000000000040000000000000000000009) ;
SDR 146 TDI (00328400000010000000000000000000000041) ;
SDR 146 TDI (00328800000000040000000000000000000401) ;
SDR 146 TDI (00328c0000000058dcdc0000000000fc001801) ;
SDR 146 TDI (00329000000000840000000000000000000401) ;
SDR 146 TDI (0032a000000000800000000000000000000001) ;
SDR 146 TDI (0032a400000008040000000000002000000001) ;
SDR 146 TDI (0032a800000000800000000000000000000081) ;
SDR 146 TDI (0032ac00000000043cc00000000000b0004081) ;
SDR 146 TDI (0032b000000000040000000000000000004001) ;
SDR 146 TDI (0032c000000000000000000000000000000001) ;
SDR 146 TDI (0032c400000008000000000000000000000001) ;
SDR 146 TDI (0032c800000000800000000004000000000001) ;
SDR 146 TDI (0032cc0000000048d8f00000040000f4001001) ;
SDR 146 TDI (0032d000000000800000000000000000000083) ;
RUNTEST 20000 TCK;
SDR 146 TDI (00330000000000000000000000000000000000) TDO (00000000000000000000000000000000000001) MASK (00000000000000000000000000000000000003) ;
SDR 146 TDI (00330000000000000000000000000000000001) ;
SDR 146 TDI (00330400000000000000000000000000000001) ;
SDR 146 TDI (003308000c0000000000000000000000000001) ;
SDR 146 TDI (00330c000c000000005c00c000000070000001) ;
SDR 146 TDI (003310000c000000000000c004000000000001) ;
SDR 146 TDI (00332000000000000000008000004000000001) ;
SDR 146 TDI (00332400000800000000008000004000000001) ;
SDR 146 TDI (00332800080000000000008000000000000001) ;
SDR 146 TDI (00332c00080000000040000000000030000001) ;
SDR 146 TDI (00333000880000000000008000000000000001) ;
SDR 146 TDI (00334000000000000000008000000000000001) ;
SDR 146 TDI (003344200c0c0020000000c000000000000001) ;
SDR 146 TDI (003348000c000000000000c000004000000001) ;
SDR 146 TDI (00334c008800000000b000a0000000b0000001) ;
SDR 146 TDI (0033500088000000000000a000000000000003) ;
RUNTEST 20000 TCK;
SDR 146 TDI (003380000c000000000000c000000000000008) TDO (00000000000000000000000000000000000001) MASK (00000000000000000000000000000000000003) ;
SDR 146 TDI (003380000c000000000000c000000000000009) ;
SDR 146 TDI (003384000c000000000000c000000000000001) ;
SDR 146 TDI (00338800000000000000004000000000000001) ;
SDR 146 TDI (00338c0080000000d880000000fc008c000001) ;
SDR 146 TDI (00339000000000000000000000000000000001) ;
SDR 146 TDI (0033a000080000000000002000002000000001) ;
SDR 146 TDI (0033a400080000000000000000000000000001) ;
SDR 146 TDI (0033a800840000000000004080000000000081) ;
SDR 146 TDI (0033ac00c4000000388000c000bc8080000081) ;
SDR 146 TDI (0033b000040000000000004000008000000001) ;
SDR 146 TDI (0033c00088000000000000200000a000000001) ;
SDR 146 TDI (0033c40080000000000000200000a000000001) ;
SDR 146 TDI (0033c80080000000000000200000a000000001) ;
SDR 146 TDI (0033cc0040000000d840000000bca044000001) ;
SDR 146 TDI (0033d00000000000000000000000a000000083) ;
RUNTEST 20000 TCK;
SDR 146 TDI (00340000000400000000000000000000000000) TDO (00000000000000000000000000000000000001) MASK (00000000000000000000000000000000000003) ;
SDR 146 TDI (00340000000400000000000000000000000001) ;
SDR 146 TDI (00340400000400000000000000000000000001) ;
SDR 146 TDI (00340800000000002000000000000000000001) ;
SDR 146 TDI (00340c00000000000000000004000000000001) ;
SDR 146 TDI (00341000000000000000000000000000000001) ;
SDR 146 TDI (00342000000000000000008000000000000041) ;
SDR 146 TDI (00342400000000000000000000000000000001) ;
SDR 146 TDI (00342800000000000000000000000000000001) ;
SDR 146 TDI (00342c00041000000000000000000000000001) ;
SDR 146 TDI (00343000001000000000000000000000000001) ;
SDR 146 TDI (00344000000000000000000000000000000001) ;
SDR 146 TDI (00344400000000000000000000000000000001) ;
SDR 146 TDI (00344800000000002400000000000000000021) ;
SDR 146 TDI (00344c00000000000000000000000000000001) ;
SDR 146 TDI (00345000000000000000000000000000000003) ;
RUNTEST 20000 TCK;
SDR 146 TDI (00348000000000000000000000000000000000) TDO (00000000000000000000000000000000000001) MASK (00000000000000000000000000000000000003) ;
SDR 146 TDI (00348000000000000000000000000000000001) ;
SDR 146 TDI (00348400000000082000000000000000000001) ;
SDR 146 TDI (00348800000000000000000000000000000021) ;
SDR 146 TDI (00348c00000000000000000000000000000001) ;
SDR 146 TDI (00349000000000000000000000000000000001) ;
SDR 146 TDI (0034a000000000000000000000000000000001) ;
SDR 146 TDI (0034a400000020000000000000000000000001) ;
SDR 146 TDI (0034a804040000000000000000000000000001) ;
SDR 146 TDI (0034ac00000000000000000000000000000001) ;
SDR 146 TDI (0034b000000000000000000000000000000001) ;
SDR 146 TDI (0034c000000000000004008004000000000001) ;
SDR 146 TDI (0034c400000000002400000000000000000001) ;
SDR 146 TDI (0034c840000000000000000000000000000001) ;
SDR 146 TDI (0034cc00000000000000000000000000000001) ;
SDR 146 TDI (0034d000000000000000000000000000000003) ;
RUNTEST 20000 TCK;
SDR 146 TDI (00350000080000000000000000000000000000) TDO (00000000000000000000000000000000000001) MASK (00000000000000000000000000000000000003) ;
SDR 146 TDI (00350000080000000000000000000000000001) ;
SDR 146 TDI (00350400080000000000004004000000000001) ;
SDR 146 TDI (00350800080000000000004000000000000081) ;
SDR 146 TDI (00350c00800040d85448f84000e40000001c01) ;
SDR 146 TDI (00351000080000000000004000000000000001) ;
SDR 146 TDI (00352000040000000000002000000000000801) ;
SDR 146 TDI (003524000c0000000000008000000000000005) ;
SDR 146 TDI (00352800880000000000008000000000000001) ;
SDR 146 TDI (00352c004800006010805c00008c0000002401) ;
SDR 146 TDI (00353000880000000000000000000000000001) ;
SDR 146 TDI (00354000800000000000000080000000002081) ;
SDR 146 TDI (0035440000000000000000a000000000000041) ;
SDR 146 TDI (00354800800000000000002000000000000001) ;
SDR 146 TDI (00354c00c000005840d0f08000980000001001) ;
SDR 146 TDI (0035500008000000000000a000000000000007) ;
RUNTEST 20000 TCK;
SDR 146 TDI (0035808404000000000000400000000000000c) TDO (00000000000000000000000000000000000001) MASK (00000000000000000000000000000000000003) ;
SDR 146 TDI (0035808404000000000000400000000000000d) ;
SDR 146 TDI (00358484040000000000040000000000000085) ;
SDR 146 TDI (00358884040000000000008004000000000005) ;
SDR 146 TDI (00358cc40c00000088940080c4180000000085) ;
SDR 146 TDI (003590c4040000000000008004000000000085) ;
SDR 146 TDI (0035a040080000000000008004000000000081) ;
SDR 146 TDI (0035a440000000000000000004000000000081) ;
SDR 146 TDI (0035a8c0000000000000000084000000000085) ;
SDR 146 TDI (0035ac40800000002c4000c0c4300000000085) ;
SDR 146 TDI (0035b0c404000000000000c004000000000005) ;
SDR 146 TDI (0035c08408000000000000a004000000000005) ;
SDR 146 TDI (0035c484880000000000000084000000000085) ;
SDR 146 TDI (0035c8840800000000000080840000000000c5) ;
SDR 146 TDI (0035cc840800000098200020842400000000c5) ;
SDR 146 TDI (0035d0448000000000000000800000000000c3) ;
RUNTEST 20000 TCK;
SDR 146 TDI (0035d0448000000000000000800000000000c0) TDO (00000000000000000000000000000000000001) MASK (00000000000000000000000000000000000003) ;
// Loading devices with 'conld' or 'bypass' instruction.
SIR 8 TDI (f0) ;
RUNTEST 100 TCK;
TIR 0 ;
HIR 0 ;
HDR 0 ;
TDR 0 ;
//Loading device with 'ispen' instruction.
SIR 8 TDI (e8) ;
SDR 6 TDI (05) SMASK (3f) ;
//Loading device with 'ispen' instruction.
SIR 8 TDI (e8) ;
SDR 6 TDI (05) ;
//Loading device with 'bypass' instruction.
SIR 8 TDI (ff) ;
TIR 0 ;
HIR 0 ;
HDR 0 ;
TDR 0 ;
// Loading devices with 'conld' or 'bypass' instruction.
SIR 8 TDI (f0) ;
RUNTEST 100 TCK;
TIR 0 ;
HIR 0 ;
HDR 0 ;
TDR 0 ;
TIR 0 ;
HIR 0 ;
TDR 0 ;
HDR 0 ;
SIR 8 TDI (ff) ;
SDR 1 TDI (00) SMASK (01) ;
